0	http://web.archive.org/web/20150415052859/http://2012election.procon.org/view.additional-resource.php?resourceID=004933
1	http://web.archive.org/web/20160829133344/http://www.listland.com/top-10-arguments-in-support-of-abortion/
2	http://web.archive.org/web/20160422223822/http://americamagazine.org:80/issue/feminist-case-against-abortion
3	http://web.archive.org/web/20160916225634/http://www.strangenotions.com/answering-three-common-arguments-for-abortion/
4	http://web.archive.org/web/20160425042210/http://www.healthguidance.org:80/entry/13561/1/Pros-and-Cons-of-Abortion.html
5	http://web.archive.org/web/20160423035951/http://www.newyorker.com:80/news/daily-comment/arguing-abortion
6	http://web.archive.org/web/20160409155215/http://www.abort73.com:80/abortion/
7	http://web.archive.org/web/20161109201817/http://www.peterkreeft.com/topics-more/personhood_apple.htm
8	http://web.archive.org/web/20160909023546/https://abortion.ws/2013/09/04/late-term-abortion-bans-the-pros-and-cons/
9	http://web.archive.org/web/20161025021631/http://liveactionnews.org/four-non-religious-reasons-to-be-pro-life/
10	http://web.archive.org/web/20160902223828/http://www.rawstory.com/2015/09/here-are-11-inane-and-insulting-anti-abortion-arguments-and-how-you-can-shred-the-shamers/
11	http://web.archive.org/web/20161019174345/https://en.wikipedia.org/wiki/Abortion_debate
12	http://web.archive.org/web/20161018165433/http://balancedpolitics.org/abortion.htm
13	http://web.archive.org/web/20160101163213/http://www.slideshare.net/malifa89/pro-cons-of-abortion
14	http://web.archive.org/web/20160510081940/http://www.soc.ucsb.edu:80/sexinfo/article/arguments-and-against-abortion
15	http://web.archive.org/web/20160805225641/http://www.uclalawreview.org/the-equality-argument-for-abortion-rights/
16	http://web.archive.org/web/20161023042824/https://www.theguardian.com/world/2016/sep/18/thousands-protest-against-proposed-stricter-abortion-law-in-poland
17	http://web.archive.org/web/20161111035440/http://www.slate.com/articles/news_and_politics/supreme_court_dispatches/2016/03/in_oral_arguments_for_the_texas_abortion_case_the_three_female_justices.html
18	http://web.archive.org/web/20161007020254/http://www.nytimes.com/2016/10/04/world/europe/poland-abortion-black-monday.html
19	http://web.archive.org/web/20161107160640/http://abortion.procon.org/
20	http://web.archive.org/web/20161005113032/http://frc.org/arguments
21	http://web.archive.org/web/20140527155455/http://aclu.procon.org/view.answers.php?questionID=000677
22	http://web.archive.org/web/20161006003423/http://www.csmonitor.com/USA/Politics/2013/0614/11-states-charging-hard-against-abortion/Texas-Gov.-Rick-Perry-signs-sweeping-abortion-bill
23	http://web.archive.org/web/20161106000413/http://www.christianpost.com/news/hillary-clinton-is-the-best-choice-for-voters-against-abortion-170258/
24	http://web.archive.org/web/20161022234156/http://prolifetraining.com/resources/five-minute-1/
25	http://web.archive.org/web/20160504193451/http://www.ontheissues.org:80/Celeb/Donald_Trump_Abortion.htm
26	http://web.archive.org/web/20160502081158/http://www.choicematters.org:80/2007/12/legal-abortion-arguments-pro-con/
27	http://web.archive.org/web/20151003145841/http://www.slate.com/articles/news_and_politics/frame_game/2013/02/abortion_polls_are_single_issue_voters_pro_life_or_pro_choice.html
28	http://web.archive.org/web/20130905144423/http://carm.org/logical-argument-against-abortion
29	http://web.archive.org/web/20161015100151/http://2016election.procon.org/view.answers.election.php?questionID=002017
30	http://web.archive.org/web/20160424203230/http://www.rollingstone.com:80/politics/news/supreme-court-abortion-arguments-show-why-elections-matter-20160302
31	http://web.archive.org/web/20160425164133/http://www.debate.org:80/abortion-debate/
32	http://web.archive.org/web/20161011214108/http://www.cnn.com/2015/01/22/opinion/bachiochi-abortion-roe-v-wade/
33	http://web.archive.org/web/20160507122331/http://www.lifenews.com/2016/05/06/bodily-rights-arguments-for-abortion-are-always-extremist-arguments-with-no-compromise/
34	http://web.archive.org/web/20161005092657/https://www.yahoo.com/news/polish-women-strike-against-abortion-ban-150447953.html
35	http://web.archive.org/web/20120731020017/http://2008election.procon.org/view.resource.php?resourceID=1647
36	http://web.archive.org/web/20150309004649/http://healthcare.procon.org/news.archive.php
37	http://web.archive.org/web/20161011222245/https://www.theguardian.com/science/blog/2015/aug/12/five-main-anti-abortion-arguments-examined
38	http://web.archive.org/web/20160513204616/http://womensissues.about.com/od/reproductiverights/a/AbortionArgumen.htm
39	http://web.archive.org/web/20161004153653/http://www.cnn.com/2016/10/03/europe/poland-abortion-protest/
40	http://web.archive.org/web/20141002071230/http://www.procon.org/headline.php?headlineID=005220
41	http://web.archive.org/web/20161108092713/http://www.huffingtonpost.com/jennifer-gunter/against-abortion-you-should-vote-hillary-clinton_b_12843022.html
42	http://web.archive.org/web/20161002154805/http://wholeworldinhishands.com/world/abortionproscons.html
43	http://web.archive.org/web/20160506130727/http://www.scotusblog.com:80/2016/02/argument-preview-new-look-at-abortion-after-nine-years/
44	http://web.archive.org/web/20160922220053/http://www.abortionno.org/abortion-articles/
45	http://web.archive.org/web/20161011004522/http://www.bbc.com/news/world-europe-37540139
46	http://web.archive.org/web/20160816053945/http://www.politico.com/story/2016/07/tim-kaine-abortion-predicament-225053
47	http://web.archive.org/web/20160508011937/http://spot.colorado.edu:80/~heathwoo/Phil160,Fall02/thomson.htm
48	http://web.archive.org/web/20160825010730/http://2016election.procon.org/view.answers.election.php?questionID=002076
49	http://web.archive.org/web/20140803161221/http://healthcarereform.procon.org:80/view.answers.php?questionID=001796
