0	http://web.archive.org/web/20161111222449/http://miami.cbslocal.com/2016/10/10/ballot-breakdown-pros-cons-of-medical-marijuana-in-florida/
1	http://web.archive.org/web/20160515043225/http://www.debate.org:80/opinions/should-marijuana-be-legalized
2	http://web.archive.org/web/20160720175546/http://www.phoenixnewtimes.com/news/state-publishes-public-arguments-on-arizonas-weed-legalization-measure-hilarity-ensues-8467208
3	http://web.archive.org/web/20161013192633/http://health.usnews.com/health-news/patient-advice/articles/2016-10-12/marijuanas-public-health-pros-and-cons
4	http://web.archive.org/web/20161017111307/http://www.latimes.com/politics/la-pol-ca-patrick-kennedy-marijuana-legalization-opposition-20160801-snap-story.html
5	http://web.archive.org/web/20160513004400/http://www.heritage.org:80/research/reports/2010/09/legalizing-marijuana-why-citizens-should-just-say-no
6	http://web.archive.org/web/20161112203346/https://en.wikipedia.org/wiki/Arguments_for_and_against_drug_prohibition
7	http://web.archive.org/web/20160825001951/http://2016election.procon.org/view.answers.election.php?questionID=002059
8	http://web.archive.org/web/20161119055237/http://usliberals.about.com/od/patriotactcivilrights/i/MarijuanaProCon.htm
9	http://web.archive.org/web/20161018164722/http://balancedpolitics.org/marijuana_legalization.htm
10	http://web.archive.org/web/20160514062111/http://calmusa.org:80/
11	http://web.archive.org/web/20160516122914/http://www.huffingtonpost.com:80/2013/10/24/marijuana-legalization_n_4151423.html
12	http://web.archive.org/web/20160517204705/http://townhall.com:80/columnists/johnhawkins/2014/01/21/5-reasons-marijuana-should-remain-illegal-n1782086
13	http://web.archive.org/web/20161009012759/https://www.bostonglobe.com/news/nation/2016/09/05/colorado-revolt-against-legalized-marijuana/BkUOeZOThisG7ASJ56xmIM/story.html
14	http://web.archive.org/web/20161130041150/http://www.marketwatch.com/story/warning-pot-pushers-are-hiding-an-inconvenient-truth-from-voters-2016-11-05
15	http://web.archive.org/web/20160905155600/http://www.washingtontimes.com/news/2016/aug/1/a-case-against-legalizing-marijuana/
16	http://web.archive.org/web/20160821183623/http://www.denverpost.com/2015/12/26/after-two-years-debate-remains-over-marijuana-legalizations-impacts/
17	http://web.archive.org/web/20160520233005/http://nyln.org:80/19-primary-pros-and-cons-of-legalizing-weed
18	http://web.archive.org/web/20160818235003/http://www.drugrehab.us/news/pros-cons-legalizing-recreational-marijuana/
19	http://web.archive.org/web/20161125162328/https://www.bostonglobe.com/metro/2016/10/19/laughable-arguments-against-legalizing-marijuana/QyOXmWg0lzZu4hyFuOSaUM/story.html
20	http://web.archive.org/web/20161021120548/http://www.wbur.org/morningedition/2016/10/20/marijuana-ballot-question-money
21	http://web.archive.org/web/20160920130033/http://www.thecannabist.co/2016/09/19/nevada-marijuana-against-legalization/63389/
22	http://web.archive.org/web/20161018105105/http://www.heraldnews.com/news/20161016/pros-and-cons-of-legalizing-marijuana-in-mass
23	http://web.archive.org/web/20161206061941/http://www.people-press.org/2015/04/14/in-debate-over-legalizing-marijuana-disagreement-over-drugs-dangers/
24	http://web.archive.org/web/20160814011111/http://www.huffingtonpost.com/dr-howard-samuels/legalizing-marijuana_b_4144180.html
25	http://web.archive.org/web/20161005205801/http://www.ibtimes.com/pros-cons-drug-legalization-us-246712
26	http://web.archive.org/web/20160912124928/http://www.webmd.com/a-to-z-guides/video/recreational-marijuana
27	http://web.archive.org/web/20160518041046/http://www.teenink.com:80/hot_topics/what_matters/article/311685/Against-Legalizing-Marijuana
28	http://web.archive.org/web/20160518062440/http://learn.genetics.utah.edu:80/content/addiction/cannabis
29	http://web.archive.org/web/20161208005909/http://medicalmarijuana.procon.org/
30	http://web.archive.org/web/20161027114055/https://news.vice.com/story/heres-who-bankrolls-the-fight-against-marijuana-legalization
31	http://web.archive.org/web/20160511181255/http://www.newhealthadvisor.com:80/Pros-and-Cons-of-Weed.html
32	http://web.archive.org/web/20160510054131/http://www.courant.com:80/politics/hc-connecticut-legal-marijuana-hearing-20160405-story.html
33	http://web.archive.org/web/20161115135646/http://www.alternet.org/drugs/6-powerful-reasons-new-york-times-says-end-marijuana-prohibition
34	http://web.archive.org/web/20161012151754/http://www.necn.com/news/politics/Recreational-Marijuana-Legalization-Question-4-Massachusetts-396695791.html
35	http://web.archive.org/web/20161015172927/http://www.nofakelegalization.com/
36	http://web.archive.org/web/20160817042030/https://theforum.sph.harvard.edu/events/legalizing-marijuana/
37	http://web.archive.org/web/20161204132417/http://www.economist.com/news/leaders/21692881-argument-legalisation-cannabis-has-been-won-now-difficult-bit-right
38	http://web.archive.org/web/20150329181916/http://www.nytimes.com/2014/08/01/opinion/Legalizing-Marijuana-Pros-and-Cons.html
39	http://web.archive.org/web/20160424013310/http://www.usatoday.com:80/story/news/politics/2015/11/04/6-reasons-ohio-marijuana-legalization-failed/75143764/
40	http://web.archive.org/web/20161005123853/http://www.sacbee.com/news/politics-government/capitol-alert/article105738221.html
41	http://web.archive.org/web/20161125181222/https://www.bostonglobe.com/metro/2016/10/28/archdiocese-spend-against-marijuana-legalization/qtCwVY4ViWjRFwOvcyveeK/story.html
42	http://web.archive.org/web/20160915202742/https://www.washingtonpost.com/news/wonk/wp/2015/12/16/one-of-the-biggest-arguments-against-marijuana-legalization-is-falling-apart/
43	http://web.archive.org/web/20160805184938/http://www.sacbee.com/news/politics-government/capitol-alert/article93709872.html
44	http://web.archive.org/web/20160702050435/http://extract.suntimes.com/news/10/153/17947/white-house-drug-czar-michael-botticelli-fights-against-marijuana-legalization-claims-gateway-theory/
45	http://web.archive.org/web/20161005124306/http://www.ocregister.com/articles/marijuana-709055-money-.html
46	http://web.archive.org/web/20160331141900/http://www.usnews.com/debate-club/should-marijuana-use-be-legalized/marijuana-legalizations-costs-outweigh-its-benefits
47	http://web.archive.org/web/20161113045942/http://www.nytimes.com/interactive/2014/07/27/opinion/sunday/high-time-marijuana-legalization.html
48	http://web.archive.org/web/20161017212639/http://www.bizjournals.com/phoenix/news/2016/10/15/discount-tire-gives-1-million-to-campaign-against.html
49	http://web.archive.org/web/20161014043940/http://kutv.com/news/local/lds-leaders-urge-members-to-vote-against-legalizing-marijuana
