0	http://web.archive.org/web/20160417055325/http://uspolitics.about.com/od/deathpenalty/i/death_penalty_2.htm
1	http://web.archive.org/web/20161025012714/https://www.aclu.org/other/case-against-death-penalty
2	http://web.archive.org/web/20161014173953/http://2016election.procon.org/view.answers.election.php?questionID=002042
3	http://web.archive.org/web/20150911194826/http://www.prnewswire.com/news-releases/should-tsarnaev-get-the-death-penalty--proconorg-website-examines-pro-and-con-arguments-300067465.html
4	http://web.archive.org/web/20161107161931/http://deathpenalty.procon.org/
5	http://web.archive.org/web/20160504094623/http://www.cnn.com:80/2015/07/17/opinions/holloway-death-penalty-future
6	http://web.archive.org/web/20160508012028/http://americamagazine.org:80/issue/100/ten-reasons-oppose-death-penalty
7	http://web.archive.org/web/20160319233007if_/http://deathpenaltycurriculum.org/student/c/about/arguments/arguments.PDF
8	http://web.archive.org/web/20161107160640/http://abortion.procon.org/
9	http://web.archive.org/web/20160430173645/http://deathpenalty.org:80/article.php?id=56
10	http://web.archive.org/web/20161105162329/http://abcnews.go.com/US/scotus-hears-arguments-death-penalty-case/story?id=42593009
11	http://web.archive.org/web/20160423195505/http://www.capitalpunishmentuk.org:80/thoughts.html
12	http://web.archive.org/web/20161020061844/http://www.deathpenaltyinfo.org/national-polls-and-studies
13	http://web.archive.org/web/20160624211032/http://news.wjct.org/post/advocates-debate-pros-cons-floridas-death-penalty
14	http://web.archive.org/web/20160801180757/http://usliberals.about.com/od/deathpenalty/i/DeathPenalty_2.htm
15	http://web.archive.org/web/20160807212122/http://listverse.com/2013/06/01/5-arguments-for-and-against-the-death-penalty/
16	http://web.archive.org/web/20160506190902/http://www.pbs.org:80/wgbh/pages/frontline/angel/procon/greenbergarticle.html
17	http://web.archive.org/web/20160510041304/http://www.balancedpolitics.org:80/death_penalty.htm
18	http://web.archive.org/web/20160324230946/http://www.huffingtonpost.com/radley-balko/death-penalty-support-america_b_984931.html
19	http://web.archive.org/web/20161015100003/http://biblebelievers.com/jmelton/punish.html
20	http://web.archive.org/web/20161017012626/https://www.amnesty.org.au/5-reasons-some-people-think-the-world-needs-the-death-penalty/
21	http://web.archive.org/web/20160509202800/http://www.prodeathpenalty.com:80/ornellaspaper.htm
22	http://web.archive.org/web/20160929144908/http://www.scotusblog.com/2016/09/argument-preview-justices-to-consider-role-of-racial-bias-in-death-penalty-case/
23	http://web.archive.org/web/20161007055233/http://studentabolition.org/
24	http://web.archive.org/web/20160816171147/http://www.nytimes.com/2016/08/03/us/dylann-roof-death-penalty.html
25	http://web.archive.org/web/20161012105401/http://civilliberty.about.com/od/capitalpunishment/tp/Arguments-for-Death-Penalty.htm
26	http://web.archive.org/web/20160507020347/http://news.stlpublicradio.org:80/post/pros-and-cons-death-penalty-two-parallel-discussions
27	http://web.archive.org/web/20160804181850/http://deathpenaltyinfo.org/node/6483
28	http://web.archive.org/web/20160505234317/http://listovative.com:80/5-pros-and-5-cons-of-capital-punishment
29	http://web.archive.org/web/20150305040535/http://deathpenalty.procon.org:80/view.resource.php?resourceID=002000
30	http://web.archive.org/web/20160402104247/http://www.criminaljusticedegreeschools.com/criminal-justice-resources/criminal-justice-capital-punishment-focus/
31	http://web.archive.org/web/20161015035359/https://www.amnesty.org/en/what-we-do/death-penalty/
32	http://web.archive.org/web/20160505185655/http://greengarageblog.org:80/list-of-10-biggest-death-penalty-pros-and-cons
33	http://web.archive.org/web/20140803073613/http://aclu.procon.org/view.answers.php?questionID=000735
34	http://web.archive.org/web/20160506003040/http://oadp.org:80/facts/13-reasons
35	http://web.archive.org/web/20161006220534/http://mcadp.org/
36	http://web.archive.org/web/20161108063931/http://www.philforhumanity.com/Capital_Punishment.html
37	http://web.archive.org/web/20160502175706/http://www.commondreams.org:80/views/2014/07/15/kill-death-penalty-10-arguments-against-capital-punishment
38	http://web.archive.org/web/20160927004917/http://www.deathpenaltyinfo.org/node/6234
39	http://web.archive.org/web/20160612034943/http://heatst.com/biz/gawkers-elizabeth-spiers-against-the-death-penalty-for-media-companies/
40	http://web.archive.org/web/20150217005454/http://2012election.procon.org:80/view.answers.election.php?questionID=1698
41	http://web.archive.org/web/20140215092429/http://www.deathpenaltyinfo.org/public-opinion-about-death-penalty
42	http://web.archive.org/web/20141125101402/http://www.rosebirdprocon.org:80/pop/DeathPen.htm
43	http://web.archive.org/web/20160910092234/http://www.gallup.com/poll/178799/americans-eye-eye-top-reason-death-penalty.aspx
44	http://web.archive.org/web/20160805182848/https://www.brookings.edu/book/against-the-death-penalty/
45	http://web.archive.org/web/20160316103103/http://crime.about.com/od/juvenile/i/juvenile_death_2.htm
46	http://web.archive.org/web/20161028195451/http://www.icomdp.org/
47	http://web.archive.org/web/20160508092911/http://www.procon.org:80/
48	http://web.archive.org/web/20160513113806/http://www.foxnews.com/us/2016/05/12/death-penalty-arguments-to-begin-for-convicted-killer-3.html
49	http://web.archive.org/web/20160511101551/http://www.deathpenaltyinfo.org:80/node/6449
