13	4	{'organ transplantation'}	{'organ transplantation'}	1.0	1.00
21	14	{'biotechnology companies'}	{'biotechnology companies'}	1.0	1.00
25	21	{'transgenic'}	{'transgenic'}	1.0	1.00
30	25	{'human cloning foundation'}	{'human cloning foundation'}	1.0	1.00
31	26	{'religious institutions'}	{'religious institutions'}	1.0	1.00
9	20	{'human embryo cloning', 'cloned human embryos', 'human embryos', 'embryo', 'embryonic', 'embryos'}	{'human embryo cloning', 'cloned human embryos', 'human embryos', 'embryo', 'embryonic', 'embryos'}	1.0	0.78
20	15	{'repopulation efforts', 'species preservation', 'conservation of endangered species'}	{'repopulation efforts', 'species preservation', 'conservation of endangered species'}	1.0	0.69
18	19	{'emotional detachment', 'psychological impact'}	{'emotional detachment', 'psychological impact'}	1.0	0.67
3	1	{'fertilization', 'infertility', 'fertility', 'infertility treatment', 'sterility', 'sterile'}	{'fertilization', 'infertility', 'fertility', 'infertility treatment', 'sterility', 'sterile'}	1.0	0.62
17	23	{'identitycloning', 'identity crisis', 'lack of individuality', 'loss of uniqueness'}	{'identitycloning', 'identity crisis', 'lack of individuality', 'loss of uniqueness'}	1.0	0.51
12	32	{'genetic material', 'genetic', 'geneticist', 'heredity', 'genetically', 'dna'}	{'genetic material', 'genetic', 'geneticist', 'genetically', 'dna'}	0.83	0.69
19	5	{'unintended consequences', 'cloning as a slippery slope', 'inherent risks', 'unpredictable outcomes'}	{'unintended consequences', 'cloning as a slippery slope', 'unpredictable outcomes'}	0.75	0.54
23	11	{'customized medicine', 'cure for genetic disorders', 'disease treatment', 'medical breakthroughs', 'medical applications'}	{'customized medicine', 'cure for genetic disorders', 'advancement', 'disease treatment', 'medical applications', 'medical breakthroughs', 'heredity'}	0.71	0.47
5	2	{'ethical concerns', 'ethics committees', 'bioethical', 'bioethics', 'ethical responsibility'}	{'ethical concerns', 'bioethical', 'bioethics', 'ethical responsibility', 'legislation and regulations'}	0.67	0.64
11	12	{'stem cells', 'stem cell research', 'stem cell', 'embryonic stem cells'}	{'stem cells', 'stem cell', 'cells', 'embryonic stem cells'}	0.6	0.85
28	17	{'banned human cloning', 'human cloning prohibition', 'ban human cloning', 'legislation and regulations'}	{'banned human cloning', 'human cloning prohibition', 'ban human cloning', 'oppose human cloning'}	0.6	0.75
27	30	{'siblingscloning', 'disruption of social norms', 'family dynamics', 'human life', 'childcloning'}	{'family dynamics', 'childcloning', 'siblingscloning'}	0.6	0.53
33	33	{'cloningquestion', 'cloning human cloning', 'human cloning human', 'cloning human cells', 'clones', 'cloningcloning', 'clone', 'human cloning', 'cloning humans', 'human', 'reproduces', 'human clones', 'whatiscloning', 'cloneing', 'oppose human cloning', 'duplication', 'cloning', 'replicating', 'cloner', 'cells', 'cloners', 'humans', 'cloned', 'reproduce', 'cloningreport'}	{'human cloning', 'human', 'cloningquestion', 'cloningreport', 'clones', 'cloner', 'feel human cloning', 'whatiscloning', 'cloners', 'cloning human cloning', 'cloneing', 'cloned', 'human cloning human', 'cloningcloning', 'cloning', 'clone'}	0.58	0.62
10	16	{'eugenics', 'genetic diversity'}	{'eugenics'}	0.5	0.71
26	8	{'livestock breeding', 'animal cloning', 'cloned animals'}	{'livestock breeding', 'animal cloning', 'dolly (the cloned sheep)', 'sheep', "ian wilmut (the scientist involved in dolly's cloning)", 'cloned animals'}	0.5	0.56
4	10	{'reproduction', 'human reproductive cloning', 'reproductive cloning', 'reproductive human cloning', 'human reproductive', 'reproduction options'}	{'reproduction', 'reproductive technology', 'reproductive cloning', 'replicating', 'human reproductive', 'duplication', 'reproduces', 'reproduction options', 'reproduce'}	0.36	0.61
24	22	{'exploitation of life'}	{'human cloning morally', 'exploitation of life', 'human cloning feel'}	0.33	0.52
6	13	{'cloning abnormalities'}	{'inherent risks', 'mutated', 'cloning abnormalities'}	0.33	0.52
7	27	{'human cloning process', 'reproductive technology', 'human cloning technology', 'genetic engineering', 'human cloning research', 'genetic modification', 'cell research', 'genetic manipulation', 'cloning technology', 'research cloning', 'biomedical research', 'research human cloning', 'biotechnology'}	{'human cloning research', 'cell research', 'research cloning', 'biomedical research', 'stem cell research'}	0.29	0.58
14	7	{'human cloning morally', 'human dignity', 'moral implications'}	{'human life', 'human dignity'}	0.25	0.61
1	24	{'evolutionary studies', 'scientific progress', 'advancement', 'scientific community'}	{'scientific community'}	0.25	0.53
29	6	{'mutated', 'implanting', 'preimplantation'}	{'implanting', 'genetic engineering', 'preimplantation', 'genetic modification', 'genetic manipulation', 'cloning technology', 'biotechnology'}	0.25	0.44
8	18	{'natural order'}	{'violation of natural rights', 'natural order', 'moral implications', 'playing god'}	0.25	0.43
2	9	{'therapeutic cloning'}	{'human cloning process', 'cloning humans', 'human cloning technology', 'human reproductive cloning', 'reproductive human cloning', 'therapeutic cloning', 'human clones', 'humans', 'cloning human cells', 'research human cloning'}	0.1	0.74
22	28	{'violation of natural rights'}	{'disruption of social norms'}	0.0	0.41
16	29	{'feel human cloning', 'human cloning feel'}	{'evolutionary studies', 'genetic diversity'}	0.0	0.22
32	31	{'sheep', "ian wilmut (the scientist involved in dolly's cloning)", 'dolly (the cloned sheep)'}	{'scientific progress'}	0.0	0.19
15	3	{'playing god'}	{'ethics committees'}	0.0	0.03
total: 18.75
