0	http://web.archive.org/web/20150914201115/http://debatepedia.idebate.org/en/index.php/Debate:_Ban_on_human_reproductive_cloning
1	http://web.archive.org/web/20160331084556/https://www.spuc.org.uk/abortion/embryo-abuse/human-cloning
2	http://web.archive.org/web/20151010222909/https://blog.udemy.com/pros-and-cons-of-cloning/
3	http://web.archive.org/web/20160414100831/http://www.economist.com:80/node/1125284
4	http://web.archive.org/web/20160827143433/http://www.wisegeek.com/what-are-the-pros-and-cons-of-cloning.htm
5	http://web.archive.org/web/20160908035543/http://www.iep.utm.edu/cloning/
6	http://web.archive.org/web/20161107193827/http://www.un.org/press/en/2005/ga10333.doc.htm
7	http://web.archive.org/web/20161023121212/http://vgavirginia.org/10-therapeutic-cloning-pros-and-cons
8	http://web.archive.org/web/20160510033753/http://www.globalchange.com:80/noclones.htm
9	http://web.archive.org/web/20161008014634/https://www.reference.com/world-view/people-against-cloning-f6dced6c4af38ec2
10	http://web.archive.org/web/20161021001343/http://connectusfund.org/15-pivotal-pros-and-cons-of-reproductive-cloning
11	http://web.archive.org/web/20140705043631/http://www.resolve.org/about/the-stem-cell-and-cloning-debate.html
12	http://web.archive.org/web/20160408142441/http://www.ethicalrights.com:80/submissions/cloning-and-embryonic-stem-cells/51-a-rebuttal-of-arguments-against-human-cloning
13	http://web.archive.org/web/20160507032151/http://www.conserve-energy-future.com:80/pros-and-cons-of-genetic-engineering.php
14	http://web.archive.org/web/20160913010551/http://www.thenewatlantis.com/publications/part-two-the-case-against-cloning-to-produce-children
15	http://web.archive.org/web/20160512210343/http://www.debate.org:80/opinions/is-human-cloning-wrong
16	http://web.archive.org/web/20160504033631/http://www.chsjournal.org:80/archive/vol37-no3-2011/for-practitioner/ethical-considerations-on-human-cloning
17	http://web.archive.org/web/20160322225739/http://bmcmedethics.biomedcentral.com:80/articles/10.1186/1472-6939-4-3
18	http://web.archive.org/web/20160411231217/http://www.allaboutpopularissues.org/arguments-against-cloning-faq.htm
19	http://web.archive.org/web/20160502230820/http://www.humancloning.org:80/allthe.php
20	http://web.archive.org/web/20151022115652/http://www.gallup.com:80/poll/5098/americans-oppose-idea-human-cloning.aspx
21	http://web.archive.org/web/20161020144653/http://healthresearchfunding.org/pros-cons-human-cloning/
22	http://web.archive.org/web/20161108064748/http://www.philforhumanity.com/Human_Cloning.html
23	http://web.archive.org/web/20160505060137/http://www.livescience.com:80/34487-human-cloning-stem-cell-ethics.html
24	http://web.archive.org/web/20160401040156/http://www.bionews.org.uk/page_570135.asp
25	http://web.archive.org/web/20160611103533/http://www.geneticsandsociety.org/article.php?id=284
26	http://web.archive.org/web/20160420204715/http://greengarageblog.org:80/16-important-pros-and-cons-of-cloning-humans
27	http://web.archive.org/web/20151104095008/http://www.oo-software.com:80/en/disks-and-drives-to-backup-or-clone-the-pros-cons-and-differences
28	http://web.archive.org/web/20160810152428/http://theconversation.com/dolly-the-sheep-and-the-human-cloning-debate-twenty-years-later-63712
29	http://web.archive.org/web/20160502083501/http://www.thepublicdiscourse.com:80/2015/09/15637/
30	http://web.archive.org/web/20150320061322/https://explorable.com/stem-cell-pros-and-cons
31	http://web.archive.org/web/20140707214220/http://carm.org/cloning
32	http://web.archive.org/web/20160417002039/http://nlcatp.org:80/top-9-pros-and-cons-of-cloning-humans/
33	http://web.archive.org/web/20160707155358/http://www.ttbook.org/book/moral-argument-human-cloning-genetic-enhancement
34	http://web.archive.org/web/20130313045340/http://www.ncbi.nlm.nih.gov:80/pubmed/16895647
35	http://web.archive.org/web/20160429224414/http://nyln.org:80/10-chief-pros-and-cons-of-human-cloning
36	http://web.archive.org/web/20160429224727/http://www.visionlaunch.com:80/human-cloning-pros-and-cons-list/
37	http://web.archive.org/web/20161014152345/http://humancloningproject.weebly.com/pros-and-cons-of-reproductive-cloning.html
38	http://web.archive.org/web/20160501160028/http://www.geneticsandsociety.org:80/article.php?id=282
39	http://web.archive.org/web/20160510100855/http://www.endanimalcloning.org:80/ethics.shtml
40	http://web.archive.org/web/20160423123515/http://www.ncbi.nlm.nih.gov:80/pubmed/7768443
41	http://web.archive.org/web/20160506183932/http://www.nopetcloning.org:80/
42	http://web.archive.org/web/20141202044640/http://www.manataka.org/page1033.html
43	http://web.archive.org/web/20160420010739/http://navajocodetalkers.org:80/8-compelling-pros-and-cons-of-cloning-extinct-animals/
44	http://web.archive.org/web/20160909125442/http://www.megaessays.com/viewpaper/200124.html
45	http://web.archive.org/web/20160422121412/http://gm.org:80/2009/02/18/arguments-against-human-cloning/
46	http://web.archive.org/web/20151129073134/http://www.usatoday.com:80/story/news/nation/2014/04/19/cloning-stem-cell/7887719/
47	http://web.archive.org/web/20160922232435/http://occupytheory.org/advantages-and-disadvantages-of-cloning-animals/
48	http://web.archive.org/web/20160503121518/http://www.qcc.cuny.edu:80/SocialSciences/ppecorino/MEDICAL_ETHICS_TEXT/Chapter_13_Reproduction/Readings__Kass_Wisdom_of_Repugnance.htm
49	http://web.archive.org/web/20150525063836/http://www.rsrevision.com:80/GCSE/christian_perspectives/genetics/therapeutic_cloning/against.htm
