0	http://web.archive.org/web/20160817231333/http://education.newarchaeology.com:80/against_school_uniforms.php
1	http://web.archive.org/web/20160629081940/http://www.listland.com:80/top-10-reasons-school-uniforms-mandatory/
2	http://web.archive.org/web/20170118172608/http://2016election.procon.org/view.resource.php?resourceID=006327
3	http://web.archive.org/web/20160710151116/http://www.listland.com:80/top-10-reasons-school-uniforms-should-be-banned/
4	http://web.archive.org/web/20161209024202/https://en.wikipedia.org/wiki/School_uniform
5	http://web.archive.org/web/20160621003617/http://vaccines.procon.org:80/view.answers.php?questionID=001606
6	http://web.archive.org/web/20170130080923/http://school-uniforms.procon.org/
7	http://web.archive.org/web/20160621012142/http://collegefootball.procon.org:80/
8	http://web.archive.org/web/20160408220718/https://www.aclunc.org/our-work/know-your-rights/school-dress-codes-and-uniforms
9	http://web.archive.org/web/20161112153618/http://kidsfashion.about.com/od/doityourselfstyles/tp/The-Pros-Of-School-Uniforms-Why-Students-Should-Wear-School-Uniforms.htm
10	http://web.archive.org/web/20161112202229/http://kidsfashion.about.com/od/doityourselfstyles/tp/The-Arguments-Against-School-Uniforms.htm
11	http://web.archive.org/web/20160711225016/http://www.optionality.net:80/mag/oct98a.html
12	http://web.archive.org/web/20160709035437/http://debatepedia.idebate.org:80/en/index.php/Debate:_School_uniform
13	http://web.archive.org/web/20170208002134/http://www.unr.edu/nevada-today/news/2013/school-uniform-study/
14	http://web.archive.org/web/20160719015848/http://www.debate.org:80/opinions/should-kids-have-to-wear-school-uniforms
15	http://web.archive.org/web/20160716122905/http://school-uniforms.procon.org:80/view.answers.php?questionID=001903
16	http://web.archive.org/web/20160423015559/http://www.gate.net:80/~rwms/UniformDWilliams.html
17	http://web.archive.org/web/20160316163320/http://www.creditdonkey.com/school-uniform-statistics.html
18	http://web.archive.org/web/20160619163450/http://www.theguardian.com:80/commentisfree/2014/nov/07/wearing-school-uniform-doesnt-help-us-learn
19	http://web.archive.org/web/20160716075420/http://www.angelfire.com:80/ca/bygranite/uniforms/args.html
20	http://web.archive.org/web/20160507132258/http://www.123helpme.com/view.asp?id=130535
21	http://web.archive.org/web/20170217055017/https://www.publicschoolreview.com/blog/public-school-uniforms-the-pros-and-cons-for-your-child
22	http://web.archive.org/web/20160802172919/http://www.healthguidance.org:80/entry/15038/1/Pros-and-Cons-of-School-Uniforms.html
23	http://web.archive.org/web/20160630033325/http://teacher.scholastic.com:80/kidusasu/uniforms/chart1.htm
24	http://web.archive.org/web/20150216014937/http://immigration.procon.org:80/news.archive.php
25	http://web.archive.org/web/20150309004649/http://healthcare.procon.org:80/news.archive.php
26	http://web.archive.org/web/20160718100150/http://www.greatschools.org:80/gk/articles/school-uniforms/
27	http://web.archive.org/web/20170110071038/http://essayvikings.com/blog/argumentative-essay-against-school-uniforms
28	http://web.archive.org/web/20160616184232/http://education.seattlepi.com:80/arguments-against-school-uniforms-2440.html
29	http://web.archive.org/web/20160801152353/http://kids.lovetoknow.com:80/wiki/Pros_and_Cons_of_School_Uniforms
30	http://web.archive.org/web/20160320132627/http://linguapress.com/intermediate/school-uniforms.htm
31	http://web.archive.org/web/20170107025504/http://standardizedtests.procon.org/
32	http://web.archive.org/web/20160818143208/http://occupytheory.org:80/pros-and-cons-of-school-uniforms-statistics/
33	http://web.archive.org/web/20160624181702/http://readkaplan.com:80/an-against-school-uniforms-essay-writing-tips-and-suggestions
34	http://web.archive.org/web/20160712235420/http://blog.constitutioncenter.org:80/2014/02/constitution-check-do-school-uniform-policies-violate-the-first-amendment/
35	http://web.archive.org/web/20160720134953/http://www.traditioninaction.org:80/Cultural/C035_Uniforms.htm
36	http://web.archive.org/web/20160728230827/http://www.sheknows.com:80/parenting/articles/809991/the-pros-and-cons-of-school-uniforms
37	http://web.archive.org/web/20160623003101/http://www.educationworld.com:80/a_admin/admin/admin130.shtml
38	http://web.archive.org/web/20160714135449/http://occupytheory.org:80/advantages-and-disadvantages-of-school-uniforms/
39	http://web.archive.org/web/20160819021103/http://www.teenink.com:80/opinion/social_issues_civics/article/63606/An-Argument-Against-School-Uniforms
40	http://web.archive.org/web/20150228180013/http://www.procon.org/headline.php?headlineID=005233
41	http://web.archive.org/web/20160302063501/http://www.bostonglobe.com:80/metro/regionals/south/2014/02/20/uniforms-for-public-school-students-the-debate-continues-they-become-more-popular/btIYoFLoizOkFpXrdEUScK/story.html?
42	http://web.archive.org/web/20161226052437/http://www.bbc.com/news/uk-england-29047752
43	http://web.archive.org/web/20170213072436/http://connectusfund.org/9-serious-pros-and-cons-of-wearing-school-uniforms
44	http://web.archive.org/web/20160724094732/http://www.educationbug.org:80/a/public-school-uniform-debate.html
45	http://web.archive.org/web/20060721042034/http://712educators.about.com:80/cs/schoolviolence/a/uniforms.htm
46	http://web.archive.org/web/20160620082950/http://www.huffingtonpost.com:80/2014/09/30/for-uniforms-debate_n_5902838.html
47	http://web.archive.org/web/20170126112226/https://journalistsresource.org/studies/society/education/school-uniforms-research-student-achievement-behavior
48	http://web.archive.org/web/20160508103336/http://news.wjct.org/post/duval-students-speak-out-against-school-uniforms
49	http://web.archive.org/web/20151105115508/http://www.prnewswire.com/news-releases/pros-and-cons-of-school-uniforms---latest-research-in-ongoing-debate-274624341.html
