akira,alexandre,romario,vitor
27,1,1,1
1,2,2,2
4,1,1,5
5,3,3,2
4,4,1,8
4,5,1,1
1,2,2,2
3,32,4,17
7,7,14,9
11,3,3,25
15,8,5,6
16,9,6,2
7,10,7,7
16,11,6,2
3,12,1,1
11,13,18,1
23,2,24,4
23,2,24,16
18,14,11,12
8,15,12,10
6,16,13,11
22,16,3,11
3,12,14,12
2,17,20,13
3,7,11,6
5,12,11,12
3,6,16,17
8,12,3,12
9,18,15,14
15,19,3,15
17,20,3,16
17,19,13,16
15,21,17,11
8,19,12,12
20,16,3,19
15,16,17,11
3,12,14,17
17,17,3,18
8,6,18,12
3,12,11,20
28,33,27,27
27,1,33,30
28,33,27,27
31,33,3,28
29,17,28,29
29,17,28,29
29,17,29,29
29,17,28,29
29,17,29,29
32,33,31,30
28,33,32,31
30,33,31,30
3,33,30,31
31,22,21,28
31,22,21,28
31,16,30,28
8,12,12,32
5,12,33,30
32,9,16,30
32,12,33,27
13,23,33,3
19,22,21,24
12,25,20,23
10,16,33,21
6,16,8,22
22,23,22,2
10,16,19,21
10,16,33,21
13,23,22,3
33,33,33,22
13,23,22,3
10,16,19,21
12,24,20,23
2,17,25,22
2,17,33,23
6,33,25,22
12,24,20,23
12,25,24,23
19,22,33,24
13,23,22,3
2,17,20,13
33,33,14,33
33,26,33,25
33,33,25,22
20,27,3,25
33,33,33,33
29,17,29,13
10,16,19,21
2,17,33,22
29,33,26,13
12,24,20,23
19,22,21,24
19,22,21,24
19,22,33,24
23,2,1,4
21,28,33,23
21,28,1,23
13,23,22,3
12,25,20,21
7,29,33,4
33,33,33,33
14,6,16,1
33,33,33,33
33,6,16,33
33,33,33,33
14,6,18,33
33,6,16,33
6,16,8,33
14,6,18,1
3,5,4,26
33,33,31,30
33,5,16,33
33,33,10,11
14,31,16,33
33,33,4,26
3,5,4,26
20,30,16,33
33,33,16,33
6,16,8,26
3,5,4,26
14,6,18,1
26,6,16,33
14,6,18,1
33,6,16,33
14,1,1,1
26,6,16,33
14,6,16,33
14,6,18,1
33,6,33,33
22,6,16,33
22,16,33,11
14,6,18,12
14,6,33,1
14,6,16,33
5,16,23,33
33,6,16,33
33,31,16,33
14,6,18,1
25,32,10,21
24,6,9,26