2, 1, 1, 12, 0.0
2, 1, 2, 6, 0.33
2, 1, 3, 5, 0.0
2, 1, 4, 3, 0.0
2, 1, 5, 1, 0.0
2, 1, 6, 2, 0.0
2, 1, 7, 1, 0.0
2, 1, 8, 1, 0.0
2, 1, 9, 1, 0.0
2, 1, 10, 1, 0.0
2, 1, 11, 6, 0.0
2, 1, 12, 7, 0.0
2, 1, 13, 4, 0.0
2, 1, 14, 1, 0.0
2, 1, 15, 1, 0.0
2, 1, 16, 3, 0.0
2, 1, 17, 3, 0.0
2, 1, 18, 1, 0.0
2, 1, 19, 1, 0.0
2, 1, 20, 1, 0.0
2, 1, 21, 7, 0.0
2, 1, 22, 6, 0.0
2, 1, 23, 8, 0.0
2, 1, 24, 5, 0.0
2, 1, 25, 3, 0.0
2, 1, 26, 6, 0.0
2, 1, 27, 3, 0.0
2, 1, 28, 4, 0.0
2, 1, 29, 5, 0.0
2, 1, 30, 6, 0.0
2, 1, 31, 4, 0.0
2, 1, 32, 1, 0.0
2, 1, 33, 23, 0.0
5, 2, 1, 12, 0.0
5, 2, 2, 6, 0.0
5, 2, 3, 5, 0.0
5, 2, 4, 3, 0.0
5, 2, 5, 1, 0.0
5, 2, 6, 2, 0.0
5, 2, 7, 1, 0.0
5, 2, 8, 1, 0.0
5, 2, 9, 1, 0.0
5, 2, 10, 1, 0.0
5, 2, 11, 6, 0.0
5, 2, 12, 7, 0.0
5, 2, 13, 4, 0.29
5, 2, 14, 1, 0.0
5, 2, 15, 1, 0.0
5, 2, 16, 3, 0.0
5, 2, 17, 3, 0.0
5, 2, 18, 1, 0.0
5, 2, 19, 1, 0.0
5, 2, 20, 1, 0.0
5, 2, 21, 7, 0.0
5, 2, 22, 6, 0.22
5, 2, 23, 8, 0.08
5, 2, 24, 5, 0.0
5, 2, 25, 3, 0.0
5, 2, 26, 6, 0.0
5, 2, 27, 3, 0.0
5, 2, 28, 4, 0.0
5, 2, 29, 5, 0.0
5, 2, 30, 6, 0.0
5, 2, 31, 4, 0.0
5, 2, 32, 1, 0.0
5, 2, 33, 23, 0.0
11, 3, 1, 12, 0.05
11, 3, 2, 6, 0.0
11, 3, 3, 5, 0.0
11, 3, 4, 3, 0.0
11, 3, 5, 1, 0.0
11, 3, 6, 2, 0.08
11, 3, 7, 1, 0.0
11, 3, 8, 1, 0.0
11, 3, 9, 1, 0.0
11, 3, 10, 1, 0.0
11, 3, 11, 6, 0.0
11, 3, 12, 7, 0.06
11, 3, 13, 4, 0.0
11, 3, 14, 1, 0.0
11, 3, 15, 1, 0.0
11, 3, 16, 3, 0.0
11, 3, 17, 3, 0.27
11, 3, 18, 1, 0.0
11, 3, 19, 1, 0.0
11, 3, 20, 1, 0.09
11, 3, 21, 7, 0.0
11, 3, 22, 6, 0.0
11, 3, 23, 8, 0.0
11, 3, 24, 5, 0.0
11, 3, 25, 3, 0.0
11, 3, 26, 6, 0.21
11, 3, 27, 3, 0.0
11, 3, 28, 4, 0.0
11, 3, 29, 5, 0.0
11, 3, 30, 6, 0.0
11, 3, 31, 4, 0.07
11, 3, 32, 1, 0.0
11, 3, 33, 23, 0.0
3, 4, 1, 12, 0.07
3, 4, 2, 6, 0.0
3, 4, 3, 5, 0.0
3, 4, 4, 3, 0.0
3, 4, 5, 1, 0.33
3, 4, 6, 2, 0.0
3, 4, 7, 1, 0.0
3, 4, 8, 1, 0.33
3, 4, 9, 1, 0.0
3, 4, 10, 1, 0.0
3, 4, 11, 6, 0.0
3, 4, 12, 7, 0.0
3, 4, 13, 4, 0.0
3, 4, 14, 1, 0.0
3, 4, 15, 1, 0.0
3, 4, 16, 3, 0.0
3, 4, 17, 3, 0.0
3, 4, 18, 1, 0.0
3, 4, 19, 1, 0.0
3, 4, 20, 1, 0.0
3, 4, 21, 7, 0.0
3, 4, 22, 6, 0.0
3, 4, 23, 8, 0.0
3, 4, 24, 5, 0.0
3, 4, 25, 3, 0.0
3, 4, 26, 6, 0.0
3, 4, 27, 3, 0.0
3, 4, 28, 4, 0.0
3, 4, 29, 5, 0.0
3, 4, 30, 6, 0.0
3, 4, 31, 4, 0.0
3, 4, 32, 1, 0.0
3, 4, 33, 23, 0.0
4, 5, 1, 12, 0.0
4, 5, 2, 6, 0.11
4, 5, 3, 5, 0.0
4, 5, 4, 3, 0.0
4, 5, 5, 1, 0.0
4, 5, 6, 2, 0.0
4, 5, 7, 1, 0.0
4, 5, 8, 1, 0.0
4, 5, 9, 1, 0.0
4, 5, 10, 1, 0.0
4, 5, 11, 6, 0.0
4, 5, 12, 7, 0.1
4, 5, 13, 4, 0.0
4, 5, 14, 1, 0.0
4, 5, 15, 1, 0.0
4, 5, 16, 3, 0.0
4, 5, 17, 3, 0.0
4, 5, 18, 1, 0.0
4, 5, 19, 1, 0.0
4, 5, 20, 1, 0.0
4, 5, 21, 7, 0.0
4, 5, 22, 6, 0.0
4, 5, 23, 8, 0.0
4, 5, 24, 5, 0.0
4, 5, 25, 3, 0.0
4, 5, 26, 6, 0.0
4, 5, 27, 3, 0.0
4, 5, 28, 4, 0.0
4, 5, 29, 5, 0.0
4, 5, 30, 6, 0.11
4, 5, 31, 4, 0.0
4, 5, 32, 1, 0.0
4, 5, 33, 23, 0.04
5, 6, 1, 12, 0.0
5, 6, 2, 6, 0.0
5, 6, 3, 5, 0.0
5, 6, 4, 3, 0.0
5, 6, 5, 1, 0.0
5, 6, 6, 2, 0.0
5, 6, 7, 1, 0.0
5, 6, 8, 1, 0.0
5, 6, 9, 1, 0.0
5, 6, 10, 1, 0.0
5, 6, 11, 6, 0.1
5, 6, 12, 7, 0.0
5, 6, 13, 4, 0.0
5, 6, 14, 1, 0.0
5, 6, 15, 1, 0.0
5, 6, 16, 3, 0.0
5, 6, 17, 3, 0.0
5, 6, 18, 1, 0.0
5, 6, 19, 1, 0.0
5, 6, 20, 1, 0.0
5, 6, 21, 7, 0.0
5, 6, 22, 6, 0.22
5, 6, 23, 8, 0.0
5, 6, 24, 5, 0.0
5, 6, 25, 3, 0.0
5, 6, 26, 6, 0.1
5, 6, 27, 3, 0.0
5, 6, 28, 4, 0.0
5, 6, 29, 5, 0.0
5, 6, 30, 6, 0.0
5, 6, 31, 4, 0.0
5, 6, 32, 1, 0.0
5, 6, 33, 23, 0.04
3, 7, 1, 12, 0.0
3, 7, 2, 6, 0.0
3, 7, 3, 5, 0.0
3, 7, 4, 3, 0.2
3, 7, 5, 1, 0.0
3, 7, 6, 2, 0.0
3, 7, 7, 1, 0.33
3, 7, 8, 1, 0.0
3, 7, 9, 1, 0.33
3, 7, 10, 1, 0.0
3, 7, 11, 6, 0.0
3, 7, 12, 7, 0.0
3, 7, 13, 4, 0.0
3, 7, 14, 1, 0.0
3, 7, 15, 1, 0.0
3, 7, 16, 3, 0.0
3, 7, 17, 3, 0.0
3, 7, 18, 1, 0.0
3, 7, 19, 1, 0.0
3, 7, 20, 1, 0.0
3, 7, 21, 7, 0.0
3, 7, 22, 6, 0.0
3, 7, 23, 8, 0.0
3, 7, 24, 5, 0.0
3, 7, 25, 3, 0.0
3, 7, 26, 6, 0.0
3, 7, 27, 3, 0.0
3, 7, 28, 4, 0.0
3, 7, 29, 5, 0.0
3, 7, 30, 6, 0.0
3, 7, 31, 4, 0.0
3, 7, 32, 1, 0.0
3, 7, 33, 23, 0.0
5, 8, 1, 12, 0.0
5, 8, 2, 6, 0.0
5, 8, 3, 5, 0.0
5, 8, 4, 3, 0.0
5, 8, 5, 1, 0.0
5, 8, 6, 2, 0.0
5, 8, 7, 1, 0.0
5, 8, 8, 1, 0.0
5, 8, 9, 1, 0.0
5, 8, 10, 1, 0.2
5, 8, 11, 6, 0.0
5, 8, 12, 7, 0.33
5, 8, 13, 4, 0.0
5, 8, 14, 1, 0.0
5, 8, 15, 1, 0.0
5, 8, 16, 3, 0.0
5, 8, 17, 3, 0.0
5, 8, 18, 1, 0.0
5, 8, 19, 1, 0.0
5, 8, 20, 1, 0.0
5, 8, 21, 7, 0.0
5, 8, 22, 6, 0.0
5, 8, 23, 8, 0.0
5, 8, 24, 5, 0.0
5, 8, 25, 3, 0.0
5, 8, 26, 6, 0.0
5, 8, 27, 3, 0.0
5, 8, 28, 4, 0.0
5, 8, 29, 5, 0.0
5, 8, 30, 6, 0.0
5, 8, 31, 4, 0.0
5, 8, 32, 1, 0.2
5, 8, 33, 23, 0.0
1, 9, 1, 12, 0.0
1, 9, 2, 6, 0.0
1, 9, 3, 5, 0.0
1, 9, 4, 3, 0.0
1, 9, 5, 1, 0.0
1, 9, 6, 2, 0.0
1, 9, 7, 1, 0.0
1, 9, 8, 1, 0.0
1, 9, 9, 1, 0.0
1, 9, 10, 1, 0.0
1, 9, 11, 6, 0.0
1, 9, 12, 7, 0.0
1, 9, 13, 4, 0.0
1, 9, 14, 1, 1.0
1, 9, 15, 1, 0.0
1, 9, 16, 3, 0.0
1, 9, 17, 3, 0.0
1, 9, 18, 1, 0.0
1, 9, 19, 1, 0.0
1, 9, 20, 1, 0.0
1, 9, 21, 7, 0.0
1, 9, 22, 6, 0.0
1, 9, 23, 8, 0.0
1, 9, 24, 5, 0.0
1, 9, 25, 3, 0.0
1, 9, 26, 6, 0.0
1, 9, 27, 3, 0.0
1, 9, 28, 4, 0.0
1, 9, 29, 5, 0.0
1, 9, 30, 6, 0.0
1, 9, 31, 4, 0.0
1, 9, 32, 1, 0.0
1, 9, 33, 23, 0.0
5, 10, 1, 12, 0.0
5, 10, 2, 6, 0.0
5, 10, 3, 5, 0.0
5, 10, 4, 3, 0.0
5, 10, 5, 1, 0.0
5, 10, 6, 2, 0.0
5, 10, 7, 1, 0.0
5, 10, 8, 1, 0.0
5, 10, 9, 1, 0.0
5, 10, 10, 1, 0.0
5, 10, 11, 6, 0.0
5, 10, 12, 7, 0.0
5, 10, 13, 4, 0.0
5, 10, 14, 1, 0.0
5, 10, 15, 1, 0.0
5, 10, 16, 3, 0.0
5, 10, 17, 3, 0.0
5, 10, 18, 1, 0.0
5, 10, 19, 1, 0.0
5, 10, 20, 1, 0.0
5, 10, 21, 7, 0.71
5, 10, 22, 6, 0.0
5, 10, 23, 8, 0.0
5, 10, 24, 5, 0.0
5, 10, 25, 3, 0.0
5, 10, 26, 6, 0.0
5, 10, 27, 3, 0.0
5, 10, 28, 4, 0.0
5, 10, 29, 5, 0.0
5, 10, 30, 6, 0.0
5, 10, 31, 4, 0.0
5, 10, 32, 1, 0.0
5, 10, 33, 23, 0.0
2, 11, 1, 12, 0.08
2, 11, 2, 6, 0.0
2, 11, 3, 5, 0.0
2, 11, 4, 3, 0.0
2, 11, 5, 1, 0.0
2, 11, 6, 2, 0.0
2, 11, 7, 1, 0.0
2, 11, 8, 1, 0.0
2, 11, 9, 1, 0.0
2, 11, 10, 1, 0.0
2, 11, 11, 6, 0.0
2, 11, 12, 7, 0.0
2, 11, 13, 4, 0.0
2, 11, 14, 1, 0.0
2, 11, 15, 1, 0.0
2, 11, 16, 3, 0.0
2, 11, 17, 3, 0.0
2, 11, 18, 1, 0.0
2, 11, 19, 1, 0.0
2, 11, 20, 1, 0.0
2, 11, 21, 7, 0.0
2, 11, 22, 6, 0.0
2, 11, 23, 8, 0.0
2, 11, 24, 5, 0.0
2, 11, 25, 3, 0.25
2, 11, 26, 6, 0.0
2, 11, 27, 3, 0.0
2, 11, 28, 4, 0.0
2, 11, 29, 5, 0.0
2, 11, 30, 6, 0.0
2, 11, 31, 4, 0.0
2, 11, 32, 1, 0.0
2, 11, 33, 23, 0.0
6, 12, 1, 12, 0.0
6, 12, 2, 6, 0.0
6, 12, 3, 5, 0.0
6, 12, 4, 3, 0.0
6, 12, 5, 1, 0.0
6, 12, 6, 2, 0.0
6, 12, 7, 1, 0.0
6, 12, 8, 1, 0.0
6, 12, 9, 1, 0.0
6, 12, 10, 1, 0.0
6, 12, 11, 6, 0.0
6, 12, 12, 7, 0.0
6, 12, 13, 4, 0.0
6, 12, 14, 1, 0.0
6, 12, 15, 1, 0.0
6, 12, 16, 3, 0.0
6, 12, 17, 3, 0.0
6, 12, 18, 1, 0.0
6, 12, 19, 1, 0.0
6, 12, 20, 1, 0.0
6, 12, 21, 7, 0.08
6, 12, 22, 6, 0.0
6, 12, 23, 8, 0.56
6, 12, 24, 5, 0.0
6, 12, 25, 3, 0.0
6, 12, 26, 6, 0.0
6, 12, 27, 3, 0.0
6, 12, 28, 4, 0.0
6, 12, 29, 5, 0.0
6, 12, 30, 6, 0.0
6, 12, 31, 4, 0.0
6, 12, 32, 1, 0.0
6, 12, 33, 23, 0.0
5, 13, 1, 12, 0.0
5, 13, 2, 6, 0.0
5, 13, 3, 5, 1.0
5, 13, 4, 3, 0.0
5, 13, 5, 1, 0.0
5, 13, 6, 2, 0.0
5, 13, 7, 1, 0.0
5, 13, 8, 1, 0.0
5, 13, 9, 1, 0.0
5, 13, 10, 1, 0.0
5, 13, 11, 6, 0.0
5, 13, 12, 7, 0.0
5, 13, 13, 4, 0.0
5, 13, 14, 1, 0.0
5, 13, 15, 1, 0.0
5, 13, 16, 3, 0.0
5, 13, 17, 3, 0.0
5, 13, 18, 1, 0.0
5, 13, 19, 1, 0.0
5, 13, 20, 1, 0.0
5, 13, 21, 7, 0.0
5, 13, 22, 6, 0.0
5, 13, 23, 8, 0.0
5, 13, 24, 5, 0.0
5, 13, 25, 3, 0.0
5, 13, 26, 6, 0.0
5, 13, 27, 3, 0.0
5, 13, 28, 4, 0.0
5, 13, 29, 5, 0.0
5, 13, 30, 6, 0.0
5, 13, 31, 4, 0.0
5, 13, 32, 1, 0.0
5, 13, 33, 23, 0.0
13, 14, 1, 12, 0.47
13, 14, 2, 6, 0.0
13, 14, 3, 5, 0.0
13, 14, 4, 3, 0.0
13, 14, 5, 1, 0.0
13, 14, 6, 2, 0.0
13, 14, 7, 1, 0.0
13, 14, 8, 1, 0.0
13, 14, 9, 1, 0.0
13, 14, 10, 1, 0.0
13, 14, 11, 6, 0.0
13, 14, 12, 7, 0.05
13, 14, 13, 4, 0.0
13, 14, 14, 1, 0.0
13, 14, 15, 1, 0.0
13, 14, 16, 3, 0.0
13, 14, 17, 3, 0.0
13, 14, 18, 1, 0.0
13, 14, 19, 1, 0.0
13, 14, 20, 1, 0.0
13, 14, 21, 7, 0.0
13, 14, 22, 6, 0.0
13, 14, 23, 8, 0.0
13, 14, 24, 5, 0.0
13, 14, 25, 3, 0.0
13, 14, 26, 6, 0.0
13, 14, 27, 3, 0.0
13, 14, 28, 4, 0.0
13, 14, 29, 5, 0.0
13, 14, 30, 6, 0.0
13, 14, 31, 4, 0.0
13, 14, 32, 1, 0.0
13, 14, 33, 23, 0.12
4, 15, 1, 12, 0.0
4, 15, 2, 6, 0.0
4, 15, 3, 5, 0.0
4, 15, 4, 3, 0.0
4, 15, 5, 1, 0.0
4, 15, 6, 2, 0.2
4, 15, 7, 1, 0.0
4, 15, 8, 1, 0.0
4, 15, 9, 1, 0.0
4, 15, 10, 1, 0.0
4, 15, 11, 6, 0.25
4, 15, 12, 7, 0.0
4, 15, 13, 4, 0.0
4, 15, 14, 1, 0.0
4, 15, 15, 1, 0.25
4, 15, 16, 3, 0.0
4, 15, 17, 3, 0.0
4, 15, 18, 1, 0.0
4, 15, 19, 1, 0.0
4, 15, 20, 1, 0.0
4, 15, 21, 7, 0.0
4, 15, 22, 6, 0.0
4, 15, 23, 8, 0.0
4, 15, 24, 5, 0.0
4, 15, 25, 3, 0.0
4, 15, 26, 6, 0.0
4, 15, 27, 3, 0.0
4, 15, 28, 4, 0.0
4, 15, 29, 5, 0.0
4, 15, 30, 6, 0.0
4, 15, 31, 4, 0.0
4, 15, 32, 1, 0.0
4, 15, 33, 23, 0.0
2, 16, 1, 12, 0.0
2, 16, 2, 6, 0.33
2, 16, 3, 5, 0.0
2, 16, 4, 3, 0.0
2, 16, 5, 1, 0.0
2, 16, 6, 2, 0.0
2, 16, 7, 1, 0.0
2, 16, 8, 1, 0.0
2, 16, 9, 1, 0.0
2, 16, 10, 1, 0.0
2, 16, 11, 6, 0.0
2, 16, 12, 7, 0.0
2, 16, 13, 4, 0.0
2, 16, 14, 1, 0.0
2, 16, 15, 1, 0.0
2, 16, 16, 3, 0.0
2, 16, 17, 3, 0.0
2, 16, 18, 1, 0.0
2, 16, 19, 1, 0.0
2, 16, 20, 1, 0.0
2, 16, 21, 7, 0.0
2, 16, 22, 6, 0.0
2, 16, 23, 8, 0.0
2, 16, 24, 5, 0.0
2, 16, 25, 3, 0.0
2, 16, 26, 6, 0.0
2, 16, 27, 3, 0.0
2, 16, 28, 4, 0.0
2, 16, 29, 5, 0.0
2, 16, 30, 6, 0.0
2, 16, 31, 4, 0.0
2, 16, 32, 1, 0.0
2, 16, 33, 23, 0.0
3, 17, 1, 12, 0.0
3, 17, 2, 6, 0.0
3, 17, 3, 5, 0.0
3, 17, 4, 3, 0.0
3, 17, 5, 1, 0.0
3, 17, 6, 2, 0.0
3, 17, 7, 1, 0.0
3, 17, 8, 1, 0.0
3, 17, 9, 1, 0.0
3, 17, 10, 1, 0.0
3, 17, 11, 6, 0.0
3, 17, 12, 7, 0.0
3, 17, 13, 4, 0.0
3, 17, 14, 1, 0.0
3, 17, 15, 1, 0.0
3, 17, 16, 3, 0.5
3, 17, 17, 3, 0.0
3, 17, 18, 1, 0.33
3, 17, 19, 1, 0.0
3, 17, 20, 1, 0.0
3, 17, 21, 7, 0.0
3, 17, 22, 6, 0.0
3, 17, 23, 8, 0.0
3, 17, 24, 5, 0.0
3, 17, 25, 3, 0.0
3, 17, 26, 6, 0.0
3, 17, 27, 3, 0.0
3, 17, 28, 4, 0.0
3, 17, 29, 5, 0.0
3, 17, 30, 6, 0.0
3, 17, 31, 4, 0.0
3, 17, 32, 1, 0.0
3, 17, 33, 23, 0.0
1, 18, 1, 12, 0.0
1, 18, 2, 6, 0.0
1, 18, 3, 5, 0.0
1, 18, 4, 3, 0.0
1, 18, 5, 1, 0.0
1, 18, 6, 2, 0.0
1, 18, 7, 1, 0.0
1, 18, 8, 1, 0.0
1, 18, 9, 1, 0.0
1, 18, 10, 1, 0.0
1, 18, 11, 6, 0.0
1, 18, 12, 7, 0.14
1, 18, 13, 4, 0.0
1, 18, 14, 1, 0.0
1, 18, 15, 1, 0.0
1, 18, 16, 3, 0.0
1, 18, 17, 3, 0.0
1, 18, 18, 1, 0.0
1, 18, 19, 1, 0.0
1, 18, 20, 1, 0.0
1, 18, 21, 7, 0.0
1, 18, 22, 6, 0.0
1, 18, 23, 8, 0.0
1, 18, 24, 5, 0.0
1, 18, 25, 3, 0.0
1, 18, 26, 6, 0.0
1, 18, 27, 3, 0.0
1, 18, 28, 4, 0.0
1, 18, 29, 5, 0.0
1, 18, 30, 6, 0.0
1, 18, 31, 4, 0.0
1, 18, 32, 1, 0.0
1, 18, 33, 23, 0.0
5, 19, 1, 12, 0.0
5, 19, 2, 6, 0.0
5, 19, 3, 5, 0.0
5, 19, 4, 3, 0.0
5, 19, 5, 1, 0.0
5, 19, 6, 2, 0.0
5, 19, 7, 1, 0.0
5, 19, 8, 1, 0.0
5, 19, 9, 1, 0.0
5, 19, 10, 1, 0.0
5, 19, 11, 6, 0.0
5, 19, 12, 7, 0.0
5, 19, 13, 4, 0.0
5, 19, 14, 1, 0.0
5, 19, 15, 1, 0.0
5, 19, 16, 3, 0.0
5, 19, 17, 3, 0.0
5, 19, 18, 1, 0.0
5, 19, 19, 1, 0.0
5, 19, 20, 1, 0.0
5, 19, 21, 7, 0.0
5, 19, 22, 6, 0.0
5, 19, 23, 8, 0.0
5, 19, 24, 5, 1.0
5, 19, 25, 3, 0.0
5, 19, 26, 6, 0.0
5, 19, 27, 3, 0.0
5, 19, 28, 4, 0.0
5, 19, 29, 5, 0.0
5, 19, 30, 6, 0.0
5, 19, 31, 4, 0.0
5, 19, 32, 1, 0.0
5, 19, 33, 23, 0.0
3, 20, 1, 12, 0.0
3, 20, 2, 6, 0.0
3, 20, 3, 5, 0.0
3, 20, 4, 3, 0.0
3, 20, 5, 1, 0.0
3, 20, 6, 2, 0.0
3, 20, 7, 1, 0.0
3, 20, 8, 1, 0.0
3, 20, 9, 1, 0.0
3, 20, 10, 1, 0.0
3, 20, 11, 6, 0.0
3, 20, 12, 7, 0.0
3, 20, 13, 4, 0.0
3, 20, 14, 1, 0.0
3, 20, 15, 1, 0.0
3, 20, 16, 3, 0.0
3, 20, 17, 3, 0.0
3, 20, 18, 1, 0.0
3, 20, 19, 1, 0.33
3, 20, 20, 1, 0.0
3, 20, 21, 7, 0.0
3, 20, 22, 6, 0.0
3, 20, 23, 8, 0.0
3, 20, 24, 5, 0.0
3, 20, 25, 3, 0.2
3, 20, 26, 6, 0.0
3, 20, 27, 3, 0.0
3, 20, 28, 4, 0.0
3, 20, 29, 5, 0.0
3, 20, 30, 6, 0.0
3, 20, 31, 4, 0.0
3, 20, 32, 1, 0.0
3, 20, 33, 23, 0.04
2, 21, 1, 12, 0.0
2, 21, 2, 6, 0.0
2, 21, 3, 5, 0.0
2, 21, 4, 3, 0.0
2, 21, 5, 1, 0.0
2, 21, 6, 2, 0.0
2, 21, 7, 1, 0.0
2, 21, 8, 1, 0.0
2, 21, 9, 1, 0.0
2, 21, 10, 1, 0.0
2, 21, 11, 6, 0.0
2, 21, 12, 7, 0.0
2, 21, 13, 4, 0.0
2, 21, 14, 1, 0.0
2, 21, 15, 1, 0.0
2, 21, 16, 3, 0.0
2, 21, 17, 3, 0.0
2, 21, 18, 1, 0.0
2, 21, 19, 1, 0.0
2, 21, 20, 1, 0.0
2, 21, 21, 7, 0.0
2, 21, 22, 6, 0.0
2, 21, 23, 8, 0.25
2, 21, 24, 5, 0.0
2, 21, 25, 3, 0.0
2, 21, 26, 6, 0.0
2, 21, 27, 3, 0.0
2, 21, 28, 4, 0.0
2, 21, 29, 5, 0.0
2, 21, 30, 6, 0.0
2, 21, 31, 4, 0.0
2, 21, 32, 1, 0.0
2, 21, 33, 23, 0.0
4, 22, 1, 12, 0.0
4, 22, 2, 6, 0.11
4, 22, 3, 5, 0.0
4, 22, 4, 3, 0.0
4, 22, 5, 1, 0.0
4, 22, 6, 2, 0.0
4, 22, 7, 1, 0.0
4, 22, 8, 1, 0.0
4, 22, 9, 1, 0.0
4, 22, 10, 1, 0.0
4, 22, 11, 6, 0.25
4, 22, 12, 7, 0.0
4, 22, 13, 4, 0.0
4, 22, 14, 1, 0.0
4, 22, 15, 1, 0.0
4, 22, 16, 3, 0.0
4, 22, 17, 3, 0.0
4, 22, 18, 1, 0.0
4, 22, 19, 1, 0.0
4, 22, 20, 1, 0.0
4, 22, 21, 7, 0.0
4, 22, 22, 6, 0.0
4, 22, 23, 8, 0.0
4, 22, 24, 5, 0.0
4, 22, 25, 3, 0.0
4, 22, 26, 6, 0.0
4, 22, 27, 3, 0.0
4, 22, 28, 4, 0.0
4, 22, 29, 5, 0.0
4, 22, 30, 6, 0.0
4, 22, 31, 4, 0.0
4, 22, 32, 1, 0.0
4, 22, 33, 23, 0.04
3, 23, 1, 12, 0.0
3, 23, 2, 6, 0.0
3, 23, 3, 5, 0.0
3, 23, 4, 3, 0.5
3, 23, 5, 1, 0.0
3, 23, 6, 2, 0.0
3, 23, 7, 1, 0.0
3, 23, 8, 1, 0.0
3, 23, 9, 1, 0.0
3, 23, 10, 1, 0.0
3, 23, 11, 6, 0.0
3, 23, 12, 7, 0.0
3, 23, 13, 4, 0.0
3, 23, 14, 1, 0.0
3, 23, 15, 1, 0.0
3, 23, 16, 3, 0.2
3, 23, 17, 3, 0.0
3, 23, 18, 1, 0.0
3, 23, 19, 1, 0.0
3, 23, 20, 1, 0.0
3, 23, 21, 7, 0.0
3, 23, 22, 6, 0.0
3, 23, 23, 8, 0.0
3, 23, 24, 5, 0.0
3, 23, 25, 3, 0.0
3, 23, 26, 6, 0.0
3, 23, 27, 3, 0.0
3, 23, 28, 4, 0.0
3, 23, 29, 5, 0.0
3, 23, 30, 6, 0.0
3, 23, 31, 4, 0.0
3, 23, 32, 1, 0.0
3, 23, 33, 23, 0.0
1, 24, 1, 12, 0.0
1, 24, 2, 6, 0.0
1, 24, 3, 5, 0.0
1, 24, 4, 3, 0.0
1, 24, 5, 1, 0.0
1, 24, 6, 2, 0.0
1, 24, 7, 1, 0.0
1, 24, 8, 1, 0.0
1, 24, 9, 1, 0.0
1, 24, 10, 1, 0.0
1, 24, 11, 6, 0.0
1, 24, 12, 7, 0.0
1, 24, 13, 4, 0.0
1, 24, 14, 1, 0.0
1, 24, 15, 1, 0.0
1, 24, 16, 3, 0.0
1, 24, 17, 3, 0.0
1, 24, 18, 1, 0.0
1, 24, 19, 1, 0.0
1, 24, 20, 1, 0.0
1, 24, 21, 7, 0.0
1, 24, 22, 6, 0.0
1, 24, 23, 8, 0.0
1, 24, 24, 5, 0.0
1, 24, 25, 3, 0.0
1, 24, 26, 6, 0.17
1, 24, 27, 3, 0.0
1, 24, 28, 4, 0.0
1, 24, 29, 5, 0.0
1, 24, 30, 6, 0.0
1, 24, 31, 4, 0.0
1, 24, 32, 1, 0.0
1, 24, 33, 23, 0.0
1, 25, 1, 12, 0.0
1, 25, 2, 6, 0.0
1, 25, 3, 5, 0.0
1, 25, 4, 3, 0.0
1, 25, 5, 1, 0.0
1, 25, 6, 2, 0.0
1, 25, 7, 1, 0.0
1, 25, 8, 1, 0.0
1, 25, 9, 1, 0.0
1, 25, 10, 1, 0.0
1, 25, 11, 6, 0.0
1, 25, 12, 7, 0.0
1, 25, 13, 4, 0.0
1, 25, 14, 1, 0.0
1, 25, 15, 1, 0.0
1, 25, 16, 3, 0.0
1, 25, 17, 3, 0.0
1, 25, 18, 1, 0.0
1, 25, 19, 1, 0.0
1, 25, 20, 1, 0.0
1, 25, 21, 7, 0.14
1, 25, 22, 6, 0.0
1, 25, 23, 8, 0.0
1, 25, 24, 5, 0.0
1, 25, 25, 3, 0.0
1, 25, 26, 6, 0.0
1, 25, 27, 3, 0.0
1, 25, 28, 4, 0.0
1, 25, 29, 5, 0.0
1, 25, 30, 6, 0.0
1, 25, 31, 4, 0.0
1, 25, 32, 1, 0.0
1, 25, 33, 23, 0.0
2, 26, 1, 12, 0.0
2, 26, 2, 6, 0.0
2, 26, 3, 5, 0.0
2, 26, 4, 3, 0.0
2, 26, 5, 1, 0.0
2, 26, 6, 2, 0.0
2, 26, 7, 1, 0.0
2, 26, 8, 1, 0.0
2, 26, 9, 1, 0.0
2, 26, 10, 1, 0.0
2, 26, 11, 6, 0.0
2, 26, 12, 7, 0.0
2, 26, 13, 4, 0.0
2, 26, 14, 1, 0.0
2, 26, 15, 1, 0.0
2, 26, 16, 3, 0.0
2, 26, 17, 3, 0.0
2, 26, 18, 1, 0.0
2, 26, 19, 1, 0.0
2, 26, 20, 1, 0.0
2, 26, 21, 7, 0.0
2, 26, 22, 6, 0.0
2, 26, 23, 8, 0.0
2, 26, 24, 5, 0.0
2, 26, 25, 3, 0.0
2, 26, 26, 6, 0.0
2, 26, 27, 3, 0.0
2, 26, 28, 4, 0.0
2, 26, 29, 5, 0.0
2, 26, 30, 6, 0.0
2, 26, 31, 4, 0.0
2, 26, 32, 1, 0.0
2, 26, 33, 23, 0.09
2, 27, 1, 12, 0.08
2, 27, 2, 6, 0.0
2, 27, 3, 5, 0.0
2, 27, 4, 3, 0.0
2, 27, 5, 1, 0.0
2, 27, 6, 2, 0.0
2, 27, 7, 1, 0.0
2, 27, 8, 1, 0.0
2, 27, 9, 1, 0.0
2, 27, 10, 1, 0.0
2, 27, 11, 6, 0.0
2, 27, 12, 7, 0.0
2, 27, 13, 4, 0.0
2, 27, 14, 1, 0.0
2, 27, 15, 1, 0.0
2, 27, 16, 3, 0.0
2, 27, 17, 3, 0.0
2, 27, 18, 1, 0.0
2, 27, 19, 1, 0.0
2, 27, 20, 1, 0.0
2, 27, 21, 7, 0.0
2, 27, 22, 6, 0.0
2, 27, 23, 8, 0.0
2, 27, 24, 5, 0.0
2, 27, 25, 3, 0.0
2, 27, 26, 6, 0.0
2, 27, 27, 3, 0.0
2, 27, 28, 4, 0.0
2, 27, 29, 5, 0.0
2, 27, 30, 6, 0.17
2, 27, 31, 4, 0.0
2, 27, 32, 1, 0.0
2, 27, 33, 23, 0.0
5, 28, 1, 12, 0.0
5, 28, 2, 6, 0.0
5, 28, 3, 5, 0.0
5, 28, 4, 3, 0.0
5, 28, 5, 1, 0.0
5, 28, 6, 2, 0.0
5, 28, 7, 1, 0.0
5, 28, 8, 1, 0.0
5, 28, 9, 1, 0.0
5, 28, 10, 1, 0.0
5, 28, 11, 6, 0.0
5, 28, 12, 7, 0.0
5, 28, 13, 4, 0.0
5, 28, 14, 1, 0.0
5, 28, 15, 1, 0.0
5, 28, 16, 3, 0.0
5, 28, 17, 3, 0.0
5, 28, 18, 1, 0.0
5, 28, 19, 1, 0.0
5, 28, 20, 1, 0.0
5, 28, 21, 7, 0.0
5, 28, 22, 6, 0.0
5, 28, 23, 8, 0.0
5, 28, 24, 5, 0.0
5, 28, 25, 3, 0.0
5, 28, 26, 6, 0.0
5, 28, 27, 3, 0.33
5, 28, 28, 4, 0.0
5, 28, 29, 5, 0.0
5, 28, 30, 6, 0.0
5, 28, 31, 4, 0.5
5, 28, 32, 1, 0.0
5, 28, 33, 23, 0.0
7, 29, 1, 12, 0.0
7, 29, 2, 6, 0.0
7, 29, 3, 5, 0.0
7, 29, 4, 3, 0.0
7, 29, 5, 1, 0.0
7, 29, 6, 2, 0.0
7, 29, 7, 1, 0.0
7, 29, 8, 1, 0.0
7, 29, 9, 1, 0.0
7, 29, 10, 1, 0.0
7, 29, 11, 6, 0.0
7, 29, 12, 7, 0.0
7, 29, 13, 4, 0.22
7, 29, 14, 1, 0.0
7, 29, 15, 1, 0.0
7, 29, 16, 3, 0.0
7, 29, 17, 3, 0.0
7, 29, 18, 1, 0.0
7, 29, 19, 1, 0.0
7, 29, 20, 1, 0.0
7, 29, 21, 7, 0.0
7, 29, 22, 6, 0.0
7, 29, 23, 8, 0.0
7, 29, 24, 5, 0.0
7, 29, 25, 3, 0.0
7, 29, 26, 6, 0.0
7, 29, 27, 3, 0.0
7, 29, 28, 4, 0.0
7, 29, 29, 5, 0.71
7, 29, 30, 6, 0.0
7, 29, 31, 4, 0.0
7, 29, 32, 1, 0.0
7, 29, 33, 23, 0.0
1, 30, 1, 12, 0.0
1, 30, 2, 6, 0.0
1, 30, 3, 5, 0.0
1, 30, 4, 3, 0.0
1, 30, 5, 1, 0.0
1, 30, 6, 2, 0.0
1, 30, 7, 1, 0.0
1, 30, 8, 1, 0.0
1, 30, 9, 1, 0.0
1, 30, 10, 1, 0.0
1, 30, 11, 6, 0.0
1, 30, 12, 7, 0.0
1, 30, 13, 4, 0.0
1, 30, 14, 1, 0.0
1, 30, 15, 1, 0.0
1, 30, 16, 3, 0.0
1, 30, 17, 3, 0.0
1, 30, 18, 1, 0.0
1, 30, 19, 1, 0.0
1, 30, 20, 1, 0.0
1, 30, 21, 7, 0.0
1, 30, 22, 6, 0.0
1, 30, 23, 8, 0.0
1, 30, 24, 5, 0.0
1, 30, 25, 3, 0.0
1, 30, 26, 6, 0.0
1, 30, 27, 3, 0.0
1, 30, 28, 4, 0.0
1, 30, 29, 5, 0.0
1, 30, 30, 6, 0.17
1, 30, 31, 4, 0.0
1, 30, 32, 1, 0.0
1, 30, 33, 23, 0.0
4, 31, 1, 12, 0.0
4, 31, 2, 6, 0.0
4, 31, 3, 5, 0.0
4, 31, 4, 3, 0.0
4, 31, 5, 1, 0.0
4, 31, 6, 2, 0.0
4, 31, 7, 1, 0.0
4, 31, 8, 1, 0.0
4, 31, 9, 1, 0.0
4, 31, 10, 1, 0.0
4, 31, 11, 6, 0.0
4, 31, 12, 7, 0.0
4, 31, 13, 4, 0.0
4, 31, 14, 1, 0.0
4, 31, 15, 1, 0.0
4, 31, 16, 3, 0.0
4, 31, 17, 3, 0.0
4, 31, 18, 1, 0.0
4, 31, 19, 1, 0.0
4, 31, 20, 1, 0.0
4, 31, 21, 7, 0.0
4, 31, 22, 6, 0.0
4, 31, 23, 8, 0.0
4, 31, 24, 5, 0.0
4, 31, 25, 3, 0.0
4, 31, 26, 6, 0.0
4, 31, 27, 3, 0.0
4, 31, 28, 4, 1.0
4, 31, 29, 5, 0.0
4, 31, 30, 6, 0.0
4, 31, 31, 4, 0.0
4, 31, 32, 1, 0.0
4, 31, 33, 23, 0.0
3, 32, 1, 12, 0.0
3, 32, 2, 6, 0.0
3, 32, 3, 5, 0.0
3, 32, 4, 3, 0.0
3, 32, 5, 1, 0.0
3, 32, 6, 2, 0.0
3, 32, 7, 1, 0.0
3, 32, 8, 1, 0.0
3, 32, 9, 1, 0.0
3, 32, 10, 1, 0.0
3, 32, 11, 6, 0.0
3, 32, 12, 7, 0.0
3, 32, 13, 4, 0.0
3, 32, 14, 1, 0.0
3, 32, 15, 1, 0.0
3, 32, 16, 3, 0.0
3, 32, 17, 3, 0.0
3, 32, 18, 1, 0.0
3, 32, 19, 1, 0.0
3, 32, 20, 1, 0.0
3, 32, 21, 7, 0.0
3, 32, 22, 6, 0.0
3, 32, 23, 8, 0.0
3, 32, 24, 5, 0.0
3, 32, 25, 3, 0.0
3, 32, 26, 6, 0.0
3, 32, 27, 3, 0.2
3, 32, 28, 4, 0.0
3, 32, 29, 5, 0.0
3, 32, 30, 6, 0.29
3, 32, 31, 4, 0.0
3, 32, 32, 1, 0.0
3, 32, 33, 23, 0.0
19, 33, 1, 12, 0.0
19, 33, 2, 6, 0.0
19, 33, 3, 5, 0.0
19, 33, 4, 3, 0.0
19, 33, 5, 1, 0.0
19, 33, 6, 2, 0.0
19, 33, 7, 1, 0.0
19, 33, 8, 1, 0.0
19, 33, 9, 1, 0.0
19, 33, 10, 1, 0.0
19, 33, 11, 6, 0.04
19, 33, 12, 7, 0.0
19, 33, 13, 4, 0.0
19, 33, 14, 1, 0.0
19, 33, 15, 1, 0.0
19, 33, 16, 3, 0.0
19, 33, 17, 3, 0.0
19, 33, 18, 1, 0.0
19, 33, 19, 1, 0.0
19, 33, 20, 1, 0.0
19, 33, 21, 7, 0.0
19, 33, 22, 6, 0.09
19, 33, 23, 8, 0.0
19, 33, 24, 5, 0.0
19, 33, 25, 3, 0.05
19, 33, 26, 6, 0.04
19, 33, 27, 3, 0.0
19, 33, 28, 4, 0.0
19, 33, 29, 5, 0.0
19, 33, 30, 6, 0.04
19, 33, 31, 4, 0.0
19, 33, 32, 1, 0.0
19, 33, 33, 23, 0.45
