Carimbo de data/hora	Endereço de e-mail	Nome do Anotador	Discente ou Docente?	Faculdade	Curso / Formação	Checklist - EVD-001-R1-001 [(POL-AP-01) A inconsistência apontada pela Polícia realmente existia?]	Checklist - EVD-001-R1-001 [(POL-AP-02) O tipo de inconsistência atribuído pela Polícia está correto?]	Checklist - EVD-001-R1-001 [(POL-AP-03) A localização (arquivo:linha) da evidência está precisa?]	Checklist - EVD-001-R1-002 [(POL-AP-01) A inconsistência apontada pela Polícia realmente existia?]	Checklist - EVD-001-R1-002 [(POL-AP-02) O tipo de inconsistência atribuído pela Polícia está correto?]	Checklist - EVD-001-R1-002 [(POL-AP-03) A localização (arquivo:linha) da evidência está precisa?]	Checklist - EVD-001-R1-003 [(POL-AP-01) A inconsistência apontada pela Polícia realmente existia?]	Checklist - EVD-001-R1-003 [(POL-AP-02) O tipo de inconsistência atribuído pela Polícia está correto?]	Checklist - EVD-001-R1-003 [(POL-AP-03) A localização (arquivo:linha) da evidência está precisa?]	Checklist - EVD-001-R1-004 [(POL-AP-01) A inconsistência apontada pela Polícia realmente existia?]	Checklist - EVD-001-R1-004 [(POL-AP-02) O tipo de inconsistência atribuído pela Polícia está correto?]	Checklist - EVD-001-R1-004 [(POL-AP-03) A localização (arquivo:linha) da evidência está precisa?]	Checklist - EVD-001-R1-005 [(POL-AP-01) A inconsistência apontada pela Polícia realmente existia?]	Checklist - EVD-001-R1-005 [(POL-AP-02) O tipo de inconsistência atribuído pela Polícia está correto?]	Checklist - EVD-001-R1-005 [(POL-AP-03) A localização (arquivo:linha) da evidência está precisa?]	Checklist - EVD-001-R1-006 [(POL-AP-01) A inconsistência apontada pela Polícia realmente existia?]	Checklist - EVD-001-R1-006 [(POL-AP-02) O tipo de inconsistência atribuído pela Polícia está correto?]	Checklist - EVD-001-R1-006 [(POL-AP-03) A localização (arquivo:linha) da evidência está precisa?]	Checklist - EVD-001-R2-001 [(POL-AP-01) A inconsistência apontada pela Polícia realmente existia?]	Checklist - EVD-001-R2-001 [(POL-AP-02) O tipo de inconsistência atribuído pela Polícia está correto?]	Checklist - EVD-001-R2-001 [(POL-AP-03) A localização (arquivo:linha) da evidência está precisa?]	Checklist - EVD-001-R2-002 [(POL-AP-01) A inconsistência apontada pela Polícia realmente existia?]	Checklist - EVD-001-R2-002 [(POL-AP-02) O tipo de inconsistência atribuído pela Polícia está correto?]	Checklist - EVD-001-R2-002 [(POL-AP-03) A localização (arquivo:linha) da evidência está precisa?]	Checklist - EVD-001-R2-003 [(POL-AP-01) A inconsistência apontada pela Polícia realmente existia?]	Checklist - EVD-001-R2-003 [(POL-AP-02) O tipo de inconsistência atribuído pela Polícia está correto?]	Checklist - EVD-001-R2-003 [(POL-AP-03) A localização (arquivo:linha) da evidência está precisa?]	Checklist - EVD-001-R2-004 [(POL-AP-01) A inconsistência apontada pela Polícia realmente existia?]	Checklist - EVD-001-R2-004 [(POL-AP-02) O tipo de inconsistência atribuído pela Polícia está correto?]	Checklist - EVD-001-R2-004 [(POL-AP-03) A localização (arquivo:linha) da evidência está precisa?]	Checklist - EVD-001-R2-005 [(POL-AP-01) A inconsistência apontada pela Polícia realmente existia?]	Checklist - EVD-001-R2-005 [(POL-AP-02) O tipo de inconsistência atribuído pela Polícia está correto?]	Checklist - EVD-001-R2-005 [(POL-AP-03) A localização (arquivo:linha) da evidência está precisa?]	Checklist - EVD-001-R2-006 [(POL-AP-01) A inconsistência apontada pela Polícia realmente existia?]	Checklist - EVD-001-R2-006 [(POL-AP-02) O tipo de inconsistência atribuído pela Polícia está correto?]	Checklist - EVD-001-R2-006 [(POL-AP-03) A localização (arquivo:linha) da evidência está precisa?]	Checklist - EVD-002-R1-001 [(POL-AP-01) A inconsistência apontada pela Polícia realmente existia?]	Checklist - EVD-002-R1-001 [(POL-AP-02) O tipo de inconsistência atribuído pela Polícia está correto?]	Checklist - EVD-002-R1-001 [(POL-AP-03) A localização (arquivo:linha) da evidência está precisa?]	Checklist - EVD-002-R1-002 [(POL-AP-01) A inconsistência apontada pela Polícia realmente existia?]	Checklist - EVD-002-R1-002 [(POL-AP-02) O tipo de inconsistência atribuído pela Polícia está correto?]	Checklist - EVD-002-R1-002 [(POL-AP-03) A localização (arquivo:linha) da evidência está precisa?]	Checklist - EVD-002-R2-001 [(POL-AP-01) A inconsistência apontada pela Polícia realmente existia?]	Checklist - EVD-002-R2-001 [(POL-AP-02) O tipo de inconsistência atribuído pela Polícia está correto?]	Checklist - EVD-002-R2-001 [(POL-AP-03) A localização (arquivo:linha) da evidência está precisa?]	Checklist - EVD-002-R2-002 [(POL-AP-01) A inconsistência apontada pela Polícia realmente existia?]	Checklist - EVD-002-R2-002 [(POL-AP-02) O tipo de inconsistência atribuído pela Polícia está correto?]	Checklist - EVD-002-R2-002 [(POL-AP-03) A localização (arquivo:linha) da evidência está precisa?]	Checklist - EVD-S3T004T005-R1-001 [(POL-AP-01) A inconsistência apontada pela Polícia realmente existia?]	Checklist - EVD-S3T004T005-R1-001 [(POL-AP-02) O tipo de inconsistência atribuído pela Polícia está correto?]	Checklist - EVD-S3T004T005-R1-001 [(POL-AP-03) A localização (arquivo:linha) da evidência está precisa?]	Checklist - EVD-S3T004T005-R1-002 [(POL-AP-01) A inconsistência apontada pela Polícia realmente existia?]	Checklist - EVD-S3T004T005-R1-002 [(POL-AP-02) O tipo de inconsistência atribuído pela Polícia está correto?]	Checklist - EVD-S3T004T005-R1-002 [(POL-AP-03) A localização (arquivo:linha) da evidência está precisa?]	Checklist - EVD-S3T004T005-R1-003 [(POL-AP-01) A inconsistência apontada pela Polícia realmente existia?]	Checklist - EVD-S3T004T005-R1-003 [(POL-AP-02) O tipo de inconsistência atribuído pela Polícia está correto?]	Checklist - EVD-S3T004T005-R1-003 [(POL-AP-03) A localização (arquivo:linha) da evidência está precisa?]	Checklist - EVD-S3T004T005-R1-004 [(POL-AP-01) A inconsistência apontada pela Polícia realmente existia?]	Checklist - EVD-S3T004T005-R1-004 [(POL-AP-02) O tipo de inconsistência atribuído pela Polícia está correto?]	Checklist - EVD-S3T004T005-R1-004 [(POL-AP-03) A localização (arquivo:linha) da evidência está precisa?]	Checklist - EVD-S3T004T005-R1-005 [(POL-AP-01) A inconsistência apontada pela Polícia realmente existia?]	Checklist - EVD-S3T004T005-R1-005 [(POL-AP-02) O tipo de inconsistência atribuído pela Polícia está correto?]	Checklist - EVD-S3T004T005-R1-005 [(POL-AP-03) A localização (arquivo:linha) da evidência está precisa?]	Checklist - EVD-S3T006-R1-001 [(POL-AP-01) A inconsistência apontada pela Polícia realmente existia?]	Checklist - EVD-S3T006-R1-001 [(POL-AP-02) O tipo de inconsistência atribuído pela Polícia está correto?]	Checklist - EVD-S3T006-R1-001 [(POL-AP-03) A localização (arquivo:linha) da evidência está precisa?]	Checklist - EVD-S3T006-R1-002 [(POL-AP-01) A inconsistência apontada pela Polícia realmente existia?]	Checklist - EVD-S3T006-R1-002 [(POL-AP-02) O tipo de inconsistência atribuído pela Polícia está correto?]	Checklist - EVD-S3T006-R1-002 [(POL-AP-03) A localização (arquivo:linha) da evidência está precisa?]	Checklist - EVD-S3T006-R1-003 [(POL-AP-01) A inconsistência apontada pela Polícia realmente existia?]	Checklist - EVD-S3T006-R1-003 [(POL-AP-02) O tipo de inconsistência atribuído pela Polícia está correto?]	Checklist - EVD-S3T006-R1-003 [(POL-AP-03) A localização (arquivo:linha) da evidência está precisa?]	Checklist - EVD-S3T006-R1-004 [(POL-AP-01) A inconsistência apontada pela Polícia realmente existia?]	Checklist - EVD-S3T006-R1-004 [(POL-AP-02) O tipo de inconsistência atribuído pela Polícia está correto?]	Checklist - EVD-S3T006-R1-004 [(POL-AP-03) A localização (arquivo:linha) da evidência está precisa?]	Checklist - EVD-S3T006-R1-005 [(POL-AP-01) A inconsistência apontada pela Polícia realmente existia?]	Checklist - EVD-S3T006-R1-005 [(POL-AP-02) O tipo de inconsistência atribuído pela Polícia está correto?]	Checklist - EVD-S3T006-R1-005 [(POL-AP-03) A localização (arquivo:linha) da evidência está precisa?]	Checklist - EVD-S3T007-R1-001 [(POL-AP-01) A inconsistência apontada pela Polícia realmente existia?]	Checklist - EVD-S3T007-R1-001 [(POL-AP-02) O tipo de inconsistência atribuído pela Polícia está correto?]	Checklist - EVD-S3T007-R1-001 [(POL-AP-03) A localização (arquivo:linha) da evidência está precisa?]	Checklist - EVD-S3T007-R1-002 [(POL-AP-01) A inconsistência apontada pela Polícia realmente existia?]	Checklist - EVD-S3T007-R1-002 [(POL-AP-02) O tipo de inconsistência atribuído pela Polícia está correto?]	Checklist - EVD-S3T007-R1-002 [(POL-AP-03) A localização (arquivo:linha) da evidência está precisa?]	Checklist - EVD-S3T007-R1-003 [(POL-AP-01) A inconsistência apontada pela Polícia realmente existia?]	Checklist - EVD-S3T007-R1-003 [(POL-AP-02) O tipo de inconsistência atribuído pela Polícia está correto?]	Checklist - EVD-S3T007-R1-003 [(POL-AP-03) A localização (arquivo:linha) da evidência está precisa?]	Checklist - EVD-S3T007-R1-004 [(POL-AP-01) A inconsistência apontada pela Polícia realmente existia?]	Checklist - EVD-S3T007-R1-004 [(POL-AP-02) O tipo de inconsistência atribuído pela Polícia está correto?]	Checklist - EVD-S3T007-R1-004 [(POL-AP-03) A localização (arquivo:linha) da evidência está precisa?]	Checklist - EVD-S3T007-R1-005 [(POL-AP-01) A inconsistência apontada pela Polícia realmente existia?]	Checklist - EVD-S3T007-R1-005 [(POL-AP-02) O tipo de inconsistência atribuído pela Polícia está correto?]	Checklist - EVD-S3T007-R1-005 [(POL-AP-03) A localização (arquivo:linha) da evidência está precisa?]	Observações, justificativas ou comentários adicionais
25/06/2026 21:59:17	yuan_calixto@discente.ufg.br	Yuan Andrade Calixto dos Santos 	Discente	Universidade Federal de Goiás	Engenharia de Software	Sim	Sim	Sim	Sim	Sim	Sim	Sim	Sim	Sim	Sim	Sim	Sim	Sim	Sim	Sim	Não	Não	Não	Sim	Sim	Sim	Sim	Sim	Sim	Sim	Sim	Sim	Sim	Sim	Sim	Sim	Sim	Sim	Sim	Sim	Sim	Sim	Sim	Sim	Sim	Sim	Sim	Sim	Sim	Não	Sim	Sim	Sim	Sim	Sim	Sim	Sim	Sim	Sim	Não	Não	Não	Não	Não	Não	Não	Não	Não	Sim	Sim	Sim	Sim	Sim	Sim	Sim	Sim	Sim	Não	Não	Sim	Não	Não	Sim	Sim	Sim	Sim	Sim	Sim	Sim	Sim	Sim	Sim	Não	Não	Sim	Não	Não	Sim	
26/06/2026 14:47:26	ribeirogustavo@egresso.ufg.br	Gustavo Rodrigues Ribeiro	Discente	Universidade Federal de Goiás	Ciência da Computação	Sim	Sim	Sim	Sim	Sim	Sim	Sim	Sim	Sim	Sim	Sim	Sim	Sim	Sim	Sim	Sim	Sim	Sim	Sim	Sim	Sim	Sim	Sim	Sim	Sim	Sim	Sim	Sim	Sim	Sim	Sim	Sim	Sim	Sim	Sim	Sim	Sim	Sim	Sim	Sim	Sim	Sim	Sim	Sim	Sim	Sim	Sim	Sim	Sim	Sim	Sim	Sim	Sim	Sim	Sim	Sim	Não	Sim	Sim	Não	Sim	Sim	Não	Sim	Sim	Sim	Sim	Sim	Sim	Sim	Sim	Sim	Sim	Sim	Sim	Sim	Sim	Sim	Sim	Sim	Sim	Sim	Sim	Sim	Sim	Sim	Sim	Sim	Sim	Não	Sim	Sim	Não	Seria interessante considerar a inclusão de uma das seguintes opções no arquivo "inconsistencies.md":  - Adicionar o campo "localização_código_commit", contendo o link para o commit em que está localizado o código utilizado como evidência durante a análise realizada com o Speck-Kit naquela rodada;  ou  - Adotar um padrão de nomenclatura para as branches no formato "sprint{numero_da_sprint}-rodada{numero_da_rodada_de_analise}". Isso facilitaria a identificação e a análise dos códigos por sprint e por rodada de análise dentro de cada sprint. 
26/06/2026 21:46:15	maria_campos@discente.ufg.br	Maria Eduarda de Campos Ramos	Discente	UFG	Bacharel em Sistemas de Informação, atualmente mestranda em Ciência da Computação	Não	Sim	Não	Sim	Sim	Não	Não	Sim	Não	Não	Sim	Não	Não	Sim	Não	Sim	Sim	Não	Sim	Sim	Sim	Sim	Sim	Não	Sim	Sim	Não	Sim	Sim	Não	Sim	Sim	Não	Sim	Sim	Não	Não	Sim	Não	Sim	Sim	Não	Sim	Sim	Sim	Sim	Sim	Sim	Sim	Sim	Sim	Sim	Sim	Sim	Sim	Sim	Não	Sim	Sim	Não	Sim	Sim	Não	Sim	Sim	Sim	Sim	Sim	Sim	Sim	Sim	Sim	Sim	Sim	Sim	Sim	Sim	Não	Sim	Sim	Sim	Sim	Sim	Sim	Sim	Sim	Sim	Sim	Sim	Não	Sim	Sim	Não	Durante a avaliação, eu notei que ao longo da Sprint 01 o agente policial teve algumas dificuldades, apontando inconsistências que não existiam e atribuindo uma localização (arquivo:linha) imprecisa/errada para a evidência. No entanto, isso foi consideravelmente melhorado nas duas próximas sprints, principalmente na Sprint 03.
		Marcelo Akira Inuzuka				Sim	Sim	Não	Sim	Sim	Não	Sim	Sim	Não	Sim	Sim	Não	Sim	Sim	Não	Não	Não	Não						Não													Sim	Sim		Sim	Sim								Sim	Sim	Sim	Sim	Sim		Sim	Sim		Sim	Sim		Sim	Sim		Sim	Sim		Sim	Sim		Sim	Sim		Não	Não		Não	Não		Sim	Sim		Sim	Sim		Sim	Sim		Não	Não		Não	Não		
								- A linha 117 indicada do modelo não indica a inconsistência			A linha indicada é 64-72, mas o correto seria 73-82.			O relatório de evidência indica login-classes.puml:105-109, o correto seria 92-96;  a indicação de linhas no código User.js está correta.			O relatório de evidência indica login-classes.puml 96-98, o correto seria 87-89; Não houve indicação de linhas no código AuthService.js, mas sim citou 17 métodos.			Modelo: useAuthStore:48-60 não está correta, o certo seria 67-69; Código: somente lista 13 ações	Não se trata de inconsistência de modelo-código, mas sim de bug de código, que é um papel fora do escopo da polícia de inconsistências.	Não se trata de inconsistência de modelo-código, mas sim de bug de código, que é um papel fora do escopo da polícia de inconsistências.	A linha indicada foi 22, o certo é 26	Resolvido em Rodada Anterior	Resolvido em Rodada Anterior	Resolvido em Rodada Anterior			As linhas indicadas não estão ok	Resolvido em Rodada Anterior	Resolvido em Rodada Anterior	Resolvido em Rodada Anterior	Resolvido em Rodada Anterior	Resolvido em Rodada Anterior	Resolvido em Rodada Anterior	Resolvido em Rodada Anterior	Resolvido em Rodada Anterior	Resolvido em Rodada Anterior	Resolvido em Rodada Anterior	Resolvido em Rodada Anterior	Resolvido em Rodada Anterior							Resolvido em Rodada Anterior	Resolvido em Rodada Anterior	Resolvido em Rodada Anterior	Resolvido em Rodada Anterior	Resolvido em Rodada Anterior	Resolvido em Rodada Anterior																									O método loadAllSortings() não precisa constar no modelo porque é um método auxiliar privado, usado apenas como detalhe interno da operação pública initialize(...).	Uma vez que a inconsistência foi detectada erroneamente, o tipo não se aplicaria.		Mesma justificativa anterior	Uma vez que a inconsistência foi detectada erroneamente, o tipo não se aplicaria.											Não há desalinhamento, pois get_keyphrase_similarity_with_clusters() pertence ao fluxo preexistente CLUSTER_SIMILARITY, fora do escopo RF-008/T007 modelado para PAIRWISE_SIMILARITY.	Uma vez que a inconsistência foi detectada erroneamente, o tipo não se aplicaria.		Não há desalinhamento real, pois os métodos não modelados pertencem ao fluxo preexistente de ordenação de clusters em `get_clusters()`, fora do escopo da Sprint T007/RF-008 centrado em `get_keyphrase_descriptions()`. 			
																																																																																																			
	VP	FN																																																																																																	
Sprint 1	5	1																																																																																																	
Sprint 2	2	0																																																																																																	
Sprint 3	4	5																																																																																																	
Total	18	5																																																																																																	