Carimbo de data/hora,Endereço de e-mail,Nome do Anotador,Discente ou Docente?,Faculdade,Curso / Formação,Checklist - VER-001-R1-001 [(JUI-01) Decisão do Juiz foi correta?],Checklist - VER-001-R1-001 [(JUI-02) O Juiz utilizou corretamente as evidências disponíveis na fundamentação?],Checklist - VER-001-R1-001 [(JUI-03) O depoimento do Arquiteto (ARG-) foi considerado na decisão?],Checklist - VER-001-R1-001 [(JUI-04) O depoimento do Developer (DEP-) foi considerado na decisão?],Checklist - VER-001-R1-002 [(JUI-01) Decisão do Juiz foi correta?],Checklist - VER-001-R1-002 [(JUI-02) O Juiz utilizou corretamente as evidências disponíveis na fundamentação?],Checklist - VER-001-R1-002 [(JUI-03) O depoimento do Arquiteto (ARG-) foi considerado na decisão?],Checklist - VER-001-R1-002 [(JUI-04) O depoimento do Developer (DEP-) foi considerado na decisão?],Checklist - VER-001-R1-003 [(JUI-01) Decisão do Juiz foi correta?],Checklist - VER-001-R1-003 [(JUI-02) O Juiz utilizou corretamente as evidências disponíveis na fundamentação?],Checklist - VER-001-R1-003 [(JUI-03) O depoimento do Arquiteto (ARG-) foi considerado na decisão?],Checklist - VER-001-R1-003 [(JUI-04) O depoimento do Developer (DEP-) foi considerado na decisão?],Checklist - VER-001-R1-004 [(JUI-01) Decisão do Juiz foi correta?],Checklist - VER-001-R1-004 [(JUI-02) O Juiz utilizou corretamente as evidências disponíveis na fundamentação?],Checklist - VER-001-R1-004 [(JUI-03) O depoimento do Arquiteto (ARG-) foi considerado na decisão?],Checklist - VER-001-R1-004 [(JUI-04) O depoimento do Developer (DEP-) foi considerado na decisão?],Checklist - VER-001-R1-005 [(JUI-01) Decisão do Juiz foi correta?],Checklist - VER-001-R1-005 [(JUI-02) O Juiz utilizou corretamente as evidências disponíveis na fundamentação?],Checklist - VER-001-R1-005 [(JUI-03) O depoimento do Arquiteto (ARG-) foi considerado na decisão?],Checklist - VER-001-R1-005 [(JUI-04) O depoimento do Developer (DEP-) foi considerado na decisão?],Checklist - VER-001-R1-006 [(JUI-01) Decisão do Juiz foi correta?],Checklist - VER-001-R1-006 [(JUI-02) O Juiz utilizou corretamente as evidências disponíveis na fundamentação?],Checklist - VER-001-R1-006 [(JUI-03) O depoimento do Arquiteto (ARG-) foi considerado na decisão?],Checklist - VER-001-R1-006 [(JUI-04) O depoimento do Developer (DEP-) foi considerado na decisão?],Checklist - VER-001-R2-001 [(JUI-01) Decisão do Juiz foi correta?],Checklist - VER-001-R2-001 [(JUI-02) O Juiz utilizou corretamente as evidências disponíveis na fundamentação?],Checklist - VER-001-R2-001 [(JUI-03) O depoimento do Arquiteto (ARG-) foi considerado na decisão?],Checklist - VER-001-R2-001 [(JUI-04) O depoimento do Developer (DEP-) foi considerado na decisão?],Checklist - VER-001-R2-002 [(JUI-01) Decisão do Juiz foi correta?],Checklist - VER-001-R2-002 [(JUI-02) O Juiz utilizou corretamente as evidências disponíveis na fundamentação?],Checklist - VER-001-R2-002 [(JUI-03) O depoimento do Arquiteto (ARG-) foi considerado na decisão?],Checklist - VER-001-R2-002 [(JUI-04) O depoimento do Developer (DEP-) foi considerado na decisão?],Checklist - VER-001-R2-003 [(JUI-01) Decisão do Juiz foi correta?],Checklist - VER-001-R2-003 [(JUI-02) O Juiz utilizou corretamente as evidências disponíveis na fundamentação?],Checklist - VER-001-R2-003 [(JUI-03) O depoimento do Arquiteto (ARG-) foi considerado na decisão?],Checklist - VER-001-R2-003 [(JUI-04) O depoimento do Developer (DEP-) foi considerado na decisão?],Checklist - VER-001-R2-004 [(JUI-01) Decisão do Juiz foi correta?],Checklist - VER-001-R2-004 [(JUI-02) O Juiz utilizou corretamente as evidências disponíveis na fundamentação?],Checklist - VER-001-R2-004 [(JUI-03) O depoimento do Arquiteto (ARG-) foi considerado na decisão?],Checklist - VER-001-R2-004 [(JUI-04) O depoimento do Developer (DEP-) foi considerado na decisão?],Checklist - VER-001-R2-005 [(JUI-01) Decisão do Juiz foi correta?],Checklist - VER-001-R2-005 [(JUI-02) O Juiz utilizou corretamente as evidências disponíveis na fundamentação?],Checklist - VER-001-R2-005 [(JUI-03) O depoimento do Arquiteto (ARG-) foi considerado na decisão?],Checklist - VER-001-R2-005 [(JUI-04) O depoimento do Developer (DEP-) foi considerado na decisão?],Checklist - VER-001-R2-006 [(JUI-01) Decisão do Juiz foi correta?],Checklist - VER-001-R2-006 [(JUI-02) O Juiz utilizou corretamente as evidências disponíveis na fundamentação?],Checklist - VER-001-R2-006 [(JUI-03) O depoimento do Arquiteto (ARG-) foi considerado na decisão?],Checklist - VER-001-R2-006 [(JUI-04) O depoimento do Developer (DEP-) foi considerado na decisão?],Checklist - VER-002-R1-001 [(JUI-01) Decisão do Juiz foi correta?],Checklist - VER-002-R1-001 [(JUI-02) O Juiz utilizou corretamente as evidências disponíveis na fundamentação?],Checklist - VER-002-R1-001 [(JUI-03) O depoimento do Arquiteto (ARG-) foi considerado na decisão?],Checklist - VER-002-R1-001 [(JUI-04) O depoimento do Developer (DEP-) foi considerado na decisão?],Checklist - VER-002-R1-002 [(JUI-01) Decisão do Juiz foi correta?],Checklist - VER-002-R1-002 [(JUI-02) O Juiz utilizou corretamente as evidências disponíveis na fundamentação?],Checklist - VER-002-R1-002 [(JUI-03) O depoimento do Arquiteto (ARG-) foi considerado na decisão?],Checklist - VER-002-R1-002 [(JUI-04) O depoimento do Developer (DEP-) foi considerado na decisão?],Checklist - VER-002-R2-001 [(JUI-01) Decisão do Juiz foi correta?],Checklist - VER-002-R2-001 [(JUI-02) O Juiz utilizou corretamente as evidências disponíveis na fundamentação?],Checklist - VER-002-R2-001 [(JUI-03) O depoimento do Arquiteto (ARG-) foi considerado na decisão?],Checklist - VER-002-R2-001 [(JUI-04) O depoimento do Developer (DEP-) foi considerado na decisão?],Checklist - VER-002-R2-002 [(JUI-01) Decisão do Juiz foi correta?],Checklist - VER-002-R2-002 [(JUI-02) O Juiz utilizou corretamente as evidências disponíveis na fundamentação?],Checklist - VER-002-R2-002 [(JUI-03) O depoimento do Arquiteto (ARG-) foi considerado na decisão?],Checklist - VER-002-R2-002 [(JUI-04) O depoimento do Developer (DEP-) foi considerado na decisão?],Checklist - VER-S3T004T005-R1-001 [(JUI-01) Decisão do Juiz foi correta?],Checklist - VER-S3T004T005-R1-001 [(JUI-02) O Juiz utilizou corretamente as evidências disponíveis na fundamentação?],Checklist - VER-S3T004T005-R1-001 [(JUI-03) O depoimento do Arquiteto (ARG-) foi considerado na decisão?],Checklist - VER-S3T004T005-R1-001 [(JUI-04) O depoimento do Developer (DEP-) foi considerado na decisão?],Checklist - VER-S3T004T005-R1-002 [(JUI-01) Decisão do Juiz foi correta?],Checklist - VER-S3T004T005-R1-002 [(JUI-02) O Juiz utilizou corretamente as evidências disponíveis na fundamentação?],Checklist - VER-S3T004T005-R1-002 [(JUI-03) O depoimento do Arquiteto (ARG-) foi considerado na decisão?],Checklist - VER-S3T004T005-R1-002 [(JUI-04) O depoimento do Developer (DEP-) foi considerado na decisão?],Checklist - VER-S3T004T005-R1-003 [(JUI-01) Decisão do Juiz foi correta?],Checklist - VER-S3T004T005-R1-003 [(JUI-02) O Juiz utilizou corretamente as evidências disponíveis na fundamentação?],Checklist - VER-S3T004T005-R1-003 [(JUI-03) O depoimento do Arquiteto (ARG-) foi considerado na decisão?],Checklist - VER-S3T004T005-R1-003 [(JUI-04) O depoimento do Developer (DEP-) foi considerado na decisão?],Checklist - VER-S3T004T005-R1-004 [(JUI-01) Decisão do Juiz foi correta?],Checklist - VER-S3T004T005-R1-004 [(JUI-02) O Juiz utilizou corretamente as evidências disponíveis na fundamentação?],Checklist - VER-S3T004T005-R1-004 [(JUI-03) O depoimento do Arquiteto (ARG-) foi considerado na decisão?],Checklist - VER-S3T004T005-R1-004 [(JUI-04) O depoimento do Developer (DEP-) foi considerado na decisão?],Checklist - VER-S3T004T005-R1-005 [(JUI-01) Decisão do Juiz foi correta?],Checklist - VER-S3T004T005-R1-005 [(JUI-02) O Juiz utilizou corretamente as evidências disponíveis na fundamentação?],Checklist - VER-S3T004T005-R1-005 [(JUI-03) O depoimento do Arquiteto (ARG-) foi considerado na decisão?],Checklist - VER-S3T004T005-R1-005 [(JUI-04) O depoimento do Developer (DEP-) foi considerado na decisão?],Checklist - VER-S3T006-R1-001 [(JUI-01) Decisão do Juiz foi correta?],Checklist - VER-S3T006-R1-001 [(JUI-02) O Juiz utilizou corretamente as evidências disponíveis na fundamentação?],Checklist - VER-S3T006-R1-001 [(JUI-03) O depoimento do Arquiteto (ARG-) foi considerado na decisão?],Checklist - VER-S3T006-R1-001 [(JUI-04) O depoimento do Developer (DEP-) foi considerado na decisão?],Checklist - VER-S3T006-R1-002 [(JUI-01) Decisão do Juiz foi correta?],Checklist - VER-S3T006-R1-002 [(JUI-02) O Juiz utilizou corretamente as evidências disponíveis na fundamentação?],Checklist - VER-S3T006-R1-002 [(JUI-03) O depoimento do Arquiteto (ARG-) foi considerado na decisão?],Checklist - VER-S3T006-R1-002 [(JUI-04) O depoimento do Developer (DEP-) foi considerado na decisão?],Checklist - VER-S3T006-R1-003 [(JUI-01) Decisão do Juiz foi correta?],Checklist - VER-S3T006-R1-003 [(JUI-02) O Juiz utilizou corretamente as evidências disponíveis na fundamentação?],Checklist - VER-S3T006-R1-003 [(JUI-03) O depoimento do Arquiteto (ARG-) foi considerado na decisão?],Checklist - VER-S3T006-R1-003 [(JUI-04) O depoimento do Developer (DEP-) foi considerado na decisão?],Checklist - VER-S3T006-R1-004 [(JUI-01) Decisão do Juiz foi correta?],Checklist - VER-S3T006-R1-004 [(JUI-02) O Juiz utilizou corretamente as evidências disponíveis na fundamentação?],Checklist - VER-S3T006-R1-004 [(JUI-03) O depoimento do Arquiteto (ARG-) foi considerado na decisão?],Checklist - VER-S3T006-R1-004 [(JUI-04) O depoimento do Developer (DEP-) foi considerado na decisão?],Checklist - VER-S3T006-R1-005 [(JUI-01) Decisão do Juiz foi correta?],Checklist - VER-S3T006-R1-005 [(JUI-02) O Juiz utilizou corretamente as evidências disponíveis na fundamentação?],Checklist - VER-S3T006-R1-005 [(JUI-03) O depoimento do Arquiteto (ARG-) foi considerado na decisão?],Checklist - VER-S3T006-R1-005 [(JUI-04) O depoimento do Developer (DEP-) foi considerado na decisão?],Checklist - VER-S3T007-R1-001 [(JUI-01) Decisão do Juiz foi correta?],Checklist - VER-S3T007-R1-001 [(JUI-02) O Juiz utilizou corretamente as evidências disponíveis na fundamentação?],Checklist - VER-S3T007-R1-001 [(JUI-03) O depoimento do Arquiteto (ARG-) foi considerado na decisão?],Checklist - VER-S3T007-R1-001 [(JUI-04) O depoimento do Developer (DEP-) foi considerado na decisão?],Checklist - VER-S3T007-R1-002 [(JUI-01) Decisão do Juiz foi correta?],Checklist - VER-S3T007-R1-002 [(JUI-02) O Juiz utilizou corretamente as evidências disponíveis na fundamentação?],Checklist - VER-S3T007-R1-002 [(JUI-03) O depoimento do Arquiteto (ARG-) foi considerado na decisão?],Checklist - VER-S3T007-R1-002 [(JUI-04) O depoimento do Developer (DEP-) foi considerado na decisão?],Checklist - VER-S3T007-R1-003 [(JUI-01) Decisão do Juiz foi correta?],Checklist - VER-S3T007-R1-003 [(JUI-02) O Juiz utilizou corretamente as evidências disponíveis na fundamentação?],Checklist - VER-S3T007-R1-003 [(JUI-03) O depoimento do Arquiteto (ARG-) foi considerado na decisão?],Checklist - VER-S3T007-R1-003 [(JUI-04) O depoimento do Developer (DEP-) foi considerado na decisão?],Checklist - VER-S3T007-R1-004 [(JUI-01) Decisão do Juiz foi correta?],Checklist - VER-S3T007-R1-004 [(JUI-02) O Juiz utilizou corretamente as evidências disponíveis na fundamentação?],Checklist - VER-S3T007-R1-004 [(JUI-03) O depoimento do Arquiteto (ARG-) foi considerado na decisão?],Checklist - VER-S3T007-R1-004 [(JUI-04) O depoimento do Developer (DEP-) foi considerado na decisão?],Checklist - VER-S3T007-R1-005 [(JUI-01) Decisão do Juiz foi correta?],Checklist - VER-S3T007-R1-005 [(JUI-02) O Juiz utilizou corretamente as evidências disponíveis na fundamentação?],Checklist - VER-S3T007-R1-005 [(JUI-03) O depoimento do Arquiteto (ARG-) foi considerado na decisão?],Checklist - VER-S3T007-R1-005 [(JUI-04) O depoimento do Developer (DEP-) foi considerado na decisão?],"Observações, justificativas ou comentários adicionais sobre os Vereditos"
26/06/2026 11:43:48,yuan_calixto@discente.ufg.br,Yuan Andrade Calixto dos Santos,Discente,Universidade Federal de Goiás,Engenharia de Software,Sim,Sim,Sim,Sim,Sim,Sim,Sim,Sim,Sim,Sim,Sim,Sim,Sim,Sim,Sim,Sim,Sim,Sim,Sim,Sim,Não,Não,Sim,Sim,Sim,Sim,Sim,Sim,Sim,Sim,Sim,Sim,Sim,Sim,Sim,Sim,Sim,Sim,Sim,Sim,Sim,Sim,Sim,Sim,Sim,Não,Sim,Sim,Sim,Sim,Sim,Sim,Sim,Sim,Sim,Sim,Sim,Não,Sim,Sim,Sim,Sim,Sim,Sim,Sim,Sim,Sim,Sim,Sim,Sim,Sim,Sim,Sim,Sim,Sim,Sim,Sim,Sim,Sim,Sim,Sim,Sim,Sim,Sim,Sim,Sim,Sim,Sim,Sim,Sim,Sim,Sim,Sim,Sim,Sim,Sim,Sim,Sim,Sim,Sim,Sim,Sim,Sim,Sim,Sim,Sim,Sim,Sim,Sim,Sim,Sim,Sim,Sim,Sim,Sim,Sim,Sim,Sim,Sim,Sim,Sim,Sim,Sim,Sim,
26/06/2026 16:04:20,ribeirogustavo@egresso.ufg.br,Gustavo Rodrigues Ribeiro,Discente,Universidade Federal de Goiás,Ciência da Computação,Sim,Sim,Sim,Sim,Sim,Sim,Sim,Sim,Sim,Sim,Sim,Sim,Sim,Sim,Sim,Sim,Sim,Sim,Sim,Sim,Sim,Sim,Sim,Sim,Sim,Sim,Sim,Sim,Sim,Sim,Sim,Sim,Sim,Sim,Sim,Sim,Sim,Sim,Sim,Sim,Sim,Sim,Sim,Sim,Sim,Sim,Sim,Sim,Sim,Sim,Sim,Sim,Sim,Sim,Sim,Sim,Sim,Sim,Sim,Sim,Sim,Sim,Sim,Sim,Sim,Sim,Sim,Sim,Sim,Sim,Sim,Sim,Sim,Sim,Sim,Sim,Sim,Sim,Sim,Sim,Sim,Sim,Sim,Sim,Sim,Sim,Sim,Sim,Sim,Sim,Sim,Sim,Sim,Sim,Sim,Sim,Sim,Sim,Sim,Sim,Sim,Sim,Sim,Sim,Sim,Sim,Sim,Sim,Sim,Sim,Sim,Sim,Sim,Sim,Sim,Sim,Sim,Sim,Sim,Sim,Sim,Sim,Sim,Sim,"Vale lembrar que, durante a análise do julgamento realizada pelo Juiz na Sprint 3, foram consideradas como base as justificativas apresentadas pelo Arquiteto e pelo Desenvolvedor. Também foi levado em conta o fato de que essa Sprint foi executada sem a utilização do Speck-Kit como método e framework de referência."
27/06/2026 12:38:43,maria_campos@discente.ufg.br,Maria Eduarda de Campos Ramos,Discente,UFG,"Bacharel em Sistemas de Informação, atualmente mestranda em Ciência da Computação",Sim,Sim,Sim,Sim,Sim,Sim,Sim,Sim,Sim,Sim,Sim,Sim,Sim,Sim,Sim,Sim,Sim,Sim,Sim,Sim,Sim,Sim,Sim,Sim,Sim,Sim,Sim,Sim,Sim,Sim,Sim,Sim,Sim,Sim,Sim,Sim,Sim,Sim,Sim,Sim,Sim,Sim,Sim,Sim,Sim,Sim,Sim,Sim,Sim,Sim,Sim,Sim,Sim,Sim,Sim,Sim,Sim,Sim,Sim,Sim,Sim,Sim,Sim,Sim,Sim,Sim,Não,Sim,Sim,Sim,Não,Sim,Sim,Sim,Sim,Sim,Sim,Sim,Sim,Sim,Sim,Sim,Sim,Sim,Sim,Sim,Não,Sim,Sim,Sim,Sim,Sim,Sim,Sim,Não,Sim,Sim,Sim,Sim,Sim,Sim,Sim,Sim,Sim,Sim,Sim,Não,Sim,Sim,Sim,Sim,Sim,Sim,Sim,Não,Sim,Sim,Sim,Sim,Sim,Sim,Sim,Não,Sim,"Eu, particularmente, tive bastante dificuldade para avaliar os vereditos da Sprint 03 pela sua densidade de detalhamento da modelagem e código."
,,Marcelo Akira Inuzuka,,,,Sim,Sim,Sim,Sim,Sim,Sim,Sim,Sim,Sim,Sim,Sim,Sim,Sim,Sim,Sim,Sim,Sim,Sim,Sim,Sim,Não,Não,Não,Não,Resolvido em Rodada Anterior,Resolvido em Rodada Anterior,Resolvido em Rodada Anterior,Resolvido em Rodada Anterior,Resolvido em Rodada Anterior,Resolvido em Rodada Anterior,Resolvido em Rodada Anterior,Resolvido em Rodada Anterior,Resolvido em Rodada Anterior,Resolvido em Rodada Anterior,Resolvido em Rodada Anterior,Resolvido em Rodada Anterior,Resolvido em Rodada Anterior,Resolvido em Rodada Anterior,Resolvido em Rodada Anterior,Resolvido em Rodada Anterior,Resolvido em Rodada Anterior,Resolvido em Rodada Anterior,Resolvido em Rodada Anterior,Resolvido em Rodada Anterior,Resolvido em Rodada Anterior,Resolvido em Rodada Anterior,Resolvido em Rodada Anterior,Resolvido em Rodada Anterior,Sim,Sim,Sim,Sim,Sim,Sim,Sim,Sim,Resolvido em Rodada Anterior,Resolvido em Rodada Anterior,Resolvido em Rodada Anterior,Resolvido em Rodada Anterior,Resolvido em Rodada Anterior,Resolvido em Rodada Anterior,Resolvido em Rodada Anterior,Resolvido em Rodada Anterior,Sim,Sim,Sim,Sim,Sim,Sim,Sim,Sim,Sim,Sim,Sim,Sim,Sim,Sim,Sim,Sim,Sim,Sim,Sim,Sim,Sim,Sim,Sim,Sim,Sim,Sim,Sim,Sim,Sim,Sim,Sim,Sim,Sim,Não,Sim,Sim,Sim,Não,Sim,Sim,Sim,Sim,Sim,Sim,Sim,Sim,Sim,Sim,Sim,Sim,Sim,Sim,Sim,Não,Sim,Sim,Sim,Não,Sim,Sim,
,,,,,,,,,,,,,,,,,,,,,,,,,,"Conclusão ajustada: o veredito correto não deveria ser simplesmente DE — Developer Errado dentro da matriz de inconsistência modelo-código. O mais rigoroso seria:
NE — Ninguém Errado quanto ao alinhamento modelo-código,
com observação de que a Polícia reportou um bug de código fora do escopo de inconsistência modelo-código.",,,,,,,,,,,,,,,,,,,,,,,,,,,,,,,,,,,,,,,,,,,,,,,,,,,,,,,,,,,,,,,,,,,,,,,,,,,,"O resultado NE — Ninguém Errado está correto, porque loadAllSortings() é método auxiliar privado e não precisa constar no modelo. Porém, o Juiz deveria explicitar que a denúncia da Polícia era improcedente e configurava falso positivo, não apenas uma diferença aceitável entre modelo e código.","O Juiz usou corretamente as evidências para concluir que o método era privado, auxiliar e interno à operação pública initialize(...). No entanto, faltou tirar a consequência metodológica mais rigorosa: se métodos auxiliares privados não devem constar no modelo, então o tipo da evidência — “método extra” ou equivalente — não se aplica. A fundamentação deveria rejeitar a denúncia por inadequação do tipo.","O argumento do Arquiteto de que métodos privados auxiliares não pertencem ao nível de abstração do modelo sustenta diretamente a improcedência da evidência. Portanto, o Juiz considerou o ARG, mas poderia ter deixado mais claro que esse depoimento invalida a denúncia da Polícia.","O Developer explicou que loadAllSortings() era detalhe interno de orquestração usado por initialize(...). Esse depoimento confirma que o método não compõe contrato público, RF ou fluxo modelável da sprint. Assim, ele não apenas reduz culpa do Developer; ele mostra que não havia inconsistência real.","A decisão NE — Ninguém Errado está correta porque lastUpdated e loadingProgress são atributos internos de instrumentação, não elementos essenciais do contrato funcional modelado. O próprio veredito afirma que o modelo lista os atributos essenciais (sortedKeyphrases, username, topicName, isLoading) e que os atributos extras servem para cache/debug e controle interno de progresso, sem alterar o comportamento funcional.","O Juiz usou bem as evidências para concluir que os atributos eram internos, preexistentes e fora do escopo funcional da modelagem. Porém, de modo mais rigoroso, deveria ter explicitado que o tipo ATRIBUTO_EXTRAS não se aplica como inconsistência modelo-código. Se atributos de instrumentação não precisam constar no modelo, então a denúncia não é apenas “aceitável”; ela é improcedente como inconsistência. O próprio documento conclui que nenhuma das cinco evidências apontava inconsistência real e recomenda documentar a granularidade para evitar falsos positivos de METODO_EXTRAS e ATRIBUTO_EXTRAS","O veredito afirma que o Arquiteto reconheceu que lastUpdated e loadingProgress eram atributos de implementação fora do escopo do modelo, e que sua ausência não invalidava o comportamento modelado. Isso sustenta diretamente a decisão NE.","O Developer explicou que esses atributos eram detalhes de implementação que não afetavam o comportamento funcional modelado. O Juiz incorporou esse ponto ao afirmar que eles eram atributos de instrumentação, preexistentes, não introduzidos pela sprint e sem impacto no RF-007.",,,,,,,,,,,,,"A decisão NE — Ninguém Errado está correta. A evidência apontava get_keyphrase_similarity_with_clusters() como método existente no código, mas ausente no modelo. Porém, o próprio veredito registra que o RF associado era nenhum e que o modelo foi deliberadamente limitado ao RF-008, isto é, ao algoritmo de pares recíprocos em get_keyphrase_descriptions(). O método apontado pertence ao branch CLUSTER_SIMILARITY, não ao branch PAIRWISE_SIMILARITY da T007.","O Juiz usou corretamente os elementos centrais: o método era preexistente, não foi modificado pela T007, não é chamado pelo algoritmo de pares recíprocos e serve a outro fluxo funcional. Isso sustenta a conclusão de que sua ausência no modelo não caracteriza inconsistência. A formulação mais rigorosa seria dizer que o tipo METODO_EXTRAS não se aplica e que a evidência é falso positivo da Polícia, porque compara o modelo da sprint com código legado fora do escopo.","O veredito afirma que o Arquiteto confirmou que “o modelo cobre apenas o escopo do RF-008” e, depois, registra que o Arquiteto declarou que esse método “não deveria gerar evidência de inconsistência”, por ser anterior à sprint e não fazer parte do fluxo PAIRWISE_SIMILARITY. Esse argumento foi incorporado diretamente à conclusão do Juiz.","O Developer explicou que o algoritmo T007 opera sobre as colunas 0–3, isto é, id, content, best_pair_id e similarity, enquanto get_keyphrase_similarity_with_clusters() alimenta colunas auxiliares do branch CLUSTER_SIMILARITY. O Juiz adotou essa distinção para concluir que o método não pertence ao fluxo modelado da T007.","A decisão NE — Ninguém Errado está correta. A evidência apontava como “métodos extras” get_cluster_similarity_matrix() e get_pairwise_cluster_similarity(), mas o próprio veredito afirma que eles pertencem ao domínio de cluster similarity, enquanto a T007/RF-008 trata de keyphrase pairwise similarity. Embora estejam na mesma classe KeyphraseClustering, são funcionalmente independentes do algoritmo da sprint.","O Juiz usou corretamente as evidências: verificou que get_cluster_similarity_matrix() constrói matriz N×N de similaridade entre clusters, que get_pairwise_cluster_similarity() encontra pares de clusters similares, que ambos são chamados pelo branch de cluster sorting, não por get_keyphrase_descriptions(), e que nenhum foi modificado pela T007. A ressalva é que o Juiz poderia ter dito de modo mais explícito: o tipo METODO_EXTRAS não se aplica como inconsistência da T007; trata-se de falso positivo da Polícia.",O veredito registra que o Arquiteto foi enfático: métodos de cluster similarity matrix não estão no escopo e não deveriam gerar evidência. Essa posição foi incorporada diretamente à conclusão de que o modelo estava correto dentro de seu escopo limitado a keyphrase pairwise similarity.,"O veredito registra que o Developer explicou a distinção funcional: os métodos denunciados operam em cluster similarity, enquanto a T007 opera em keyphrase pairwise similarity. O Juiz aceitou essa distinção para concluir que eles não pertenciam ao fluxo modelado da T007.",
,,,,,,,,,,,,,,,,,,,,,,,,,,,,,,,,,,,,,,,,,,,,,,,,,,,,,,,,,,,,,,,,,,,,,,,,,,,,,,,,,,,,,,,,,,,,,,,,,,,,,,,,,,,,,,,,,,,,,,,,,,,,,,,,,,
Total,Correta,Incorreta,,,,,,,,,,,,,,,,,,,,,,,,,,,,,,,,,,,,,,,,,,,,,,,,,,,,,,,,,,,,,,,,,,,,,,,,,,,,,,,,,,,,,,,,,,,,,,,,,,,,,,,,,,,,,,,,,,,,,,,,,,,,,,,,
Decisão Juiz,22,1,,,,,,,,,,,,,,,,,,,,,,,,,,,,,,,,,,,,,,,,,,,,,,,,,,,,,,,,,,,,,,,,,,,,,,,,,,,,,,,,,,,,,,,,,,,,,,,,,,,,,,,,,,,,,,,,,,,,,,,,,,,,,,,,
Utilização Evidencia,18,5,,,,,,,,,,,,,,,,,,,,,,,,,,,,,,,,,,,,,,,,,,,,,,,,,,,,,,,,,,,,,,,,,,,,,,,,,,,,,,,,,,,,,,,,,,,,,,,,,,,,,,,,,,,,,,,,,,,,,,,,,,,,,,,,
Utilização Depoimento Arquiteto,22,1,,,,,,,,,,,,,,,,,,,,,,,,,,,,,,,,,,,,,,,,,,,,,,,,,,,,,,,,,,,,,,,,,,,,,,,,,,,,,,,,,,,,,,,,,,,,,,,,,,,,,,,,,,,,,,,,,,,,,,,,,,,,,,,,
Utilização Depoimento Developer,22,1,,,,,,,,,,,,,,,,,,,,,,,,,,,,,,,,,,,,,,,,,,,,,,,,,,,,,,,,,,,,,,,,,,,,,,,,,,,,,,,,,,,,,,,,,,,,,,,,,,,,,,,,,,,,,,,,,,,,,,,,,,,,,,,,
,,,,,,,,,,,,,,,,,,,,,,,,,,,,,,,,,,,,,,,,,,,,,,,,,,,,,,,,,,,,,,,,,,,,,,,,,,,,,,,,,,,,,,,,,,,,,,,,,,,,,,,,,,,,,,,,,,,,,,,,,,,,,,,,,,
Sprint 1,Correta,Incorreta,,,,,,,,,,,,,,,,,,,,,,,,,,,,,,,,,,,,,,,,,,,,,,,,,,,,,,,,,,,,,,,,,,,,,,,,,,,,,,,,,,,,,,,,,,,,,,,,,,,,,,,,,,,,,,,,,,,,,,,,,,,,,,,,
Decisão Juiz,5,1,,,,,,,,,,,,,,,,,,,,,,,,,,,,,,,,,,,,,,,,,,,,,,,,,,,,,,,,,,,,,,,,,,,,,,,,,,,,,,,,,,,,,,,,,,,,,,,,,,,,,,,,,,,,,,,,,,,,,,,,,,,,,,,,
Utilização Evidencia,5,1,,,,,,,,,,,,,,,,,,,,,,,,,,,,,,,,,,,,,,,,,,,,,,,,,,,,,,,,,,,,,,,,,,,,,,,,,,,,,,,,,,,,,,,,,,,,,,,,,,,,,,,,,,,,,,,,,,,,,,,,,,,,,,,,
Utilização Depoimento Arquiteto,5,1,,,,,,,,,,,,,,,,,,,,,,,,,,,,,,,,,,,,,,,,,,,,,,,,,,,,,,,,,,,,,,,,,,,,,,,,,,,,,,,,,,,,,,,,,,,,,,,,,,,,,,,,,,,,,,,,,,,,,,,,,,,,,,,,
Utilização Depoimento Developer,5,1,,,,,,,,,,,,,,,,,,,,,,,,,,,,,,,,,,,,,,,,,,,,,,,,,,,,,,,,,,,,,,,,,,,,,,,,,,,,,,,,,,,,,,,,,,,,,,,,,,,,,,,,,,,,,,,,,,,,,,,,,,,,,,,,
,,,,,,,,,,,,,,,,,,,,,,,,,,,,,,,,,,,,,,,,,,,,,,,,,,,,,,,,,,,,,,,,,,,,,,,,,,,,,,,,,,,,,,,,,,,,,,,,,,,,,,,,,,,,,,,,,,,,,,,,,,,,,,,,,,
Sprint 2,Correta,Incorreta,,,,,,,,,,,,,,,,,,,,,,,,,,,,,,,,,,,,,,,,,,,,,,,,,,,,,,,,,,,,,,,,,,,,,,,,,,,,,,,,,,,,,,,,,,,,,,,,,,,,,,,,,,,,,,,,,,,,,,,,,,,,,,,,
Decisão Juiz,2,0,,,,,,,,,,,,,,,,,,,,,,,,,,,,,,,,,,,,,,,,,,,,,,,,,,,,,,,,,,,,,,,,,,,,,,,,,,,,,,,,,,,,,,,,,,,,,,,,,,,,,,,,,,,,,,,,,,,,,,,,,,,,,,,,
Utilização Evidencia,2,0,,,,,,,,,,,,,,,,,,,,,,,,,,,,,,,,,,,,,,,,,,,,,,,,,,,,,,,,,,,,,,,,,,,,,,,,,,,,,,,,,,,,,,,,,,,,,,,,,,,,,,,,,,,,,,,,,,,,,,,,,,,,,,,,
Utilização Depoimento Arquiteto,2,0,,,,,,,,,,,,,,,,,,,,,,,,,,,,,,,,,,,,,,,,,,,,,,,,,,,,,,,,,,,,,,,,,,,,,,,,,,,,,,,,,,,,,,,,,,,,,,,,,,,,,,,,,,,,,,,,,,,,,,,,,,,,,,,,
Utilização Depoimento Developer,2,0,,,,,,,,,,,,,,,,,,,,,,,,,,,,,,,,,,,,,,,,,,,,,,,,,,,,,,,,,,,,,,,,,,,,,,,,,,,,,,,,,,,,,,,,,,,,,,,,,,,,,,,,,,,,,,,,,,,,,,,,,,,,,,,,
,,,,,,,,,,,,,,,,,,,,,,,,,,,,,,,,,,,,,,,,,,,,,,,,,,,,,,,,,,,,,,,,,,,,,,,,,,,,,,,,,,,,,,,,,,,,,,,,,,,,,,,,,,,,,,,,,,,,,,,,,,,,,,,,,,
Sprint 3,Correta,Incorreta,,,,,,,,,,,,,,,,,,,,,,,,,,,,,,,,,,,,,,,,,,,,,,,,,,,,,,,,,,,,,,,,,,,,,,,,,,,,,,,,,,,,,,,,,,,,,,,,,,,,,,,,,,,,,,,,,,,,,,,,,,,,,,,,
Decisão Juiz,15,0,,,,,,,,,,,,,,,,,,,,,,,,,,,,,,,,,,,,,,,,,,,,,,,,,,,,,,,,,,,,,,,,,,,,,,,,,,,,,,,,,,,,,,,,,,,,,,,,,,,,,,,,,,,,,,,,,,,,,,,,,,,,,,,,
Utilização Evidencia,11,4,,,,,,,,,,,,,,,,,,,,,,,,,,,,,,,,,,,,,,,,,,,,,,,,,,,,,,,,,,,,,,,,,,,,,,,,,,,,,,,,,,,,,,,,,,,,,,,,,,,,,,,,,,,,,,,,,,,,,,,,,,,,,,,,
Utilização Depoimento Arquiteto,15,0,,,,,,,,,,,,,,,,,,,,,,,,,,,,,,,,,,,,,,,,,,,,,,,,,,,,,,,,,,,,,,,,,,,,,,,,,,,,,,,,,,,,,,,,,,,,,,,,,,,,,,,,,,,,,,,,,,,,,,,,,,,,,,,,
Utilização Depoimento Developer,15,0,,,,,,,,,,,,,,,,,,,,,,,,,,,,,,,,,,,,,,,,,,,,,,,,,,,,,,,,,,,,,,,,,,,,,,,,,,,,,,,,,,,,,,,,,,,,,,,,,,,,,,,,,,,,,,,,,,,,,,,,,,,,,,,,