0	http://web.archive.org/web/20161111223059/https://www.dol.gov/featured/minimum-wage/mythbuster
1	http://web.archive.org/web/20161012040607/http://www.salary.com/increasing-the-minimum-wage-pros-cons/
2	http://web.archive.org/web/20160428104259/http://kitchenette.jezebel.com:80/heres-how-every-argument-against-a-minimum-wage-hike-is-1728874042
3	http://web.archive.org/web/20160413034733/http://www.economist.com:80/news/finance-and-economics/21567072-evidence-mounting-moderate-minimum-wages-can-do-more-good-harm
4	http://web.archive.org/web/20160716230221/http://www.newyorker.com/news/daily-comment/demonizing-minimum-wage
5	http://web.archive.org/web/20160416020411/http://www.ncsl.org:80/research/labor-and-employment/maximum-divide-on-minimum-wage.aspx
6	http://web.archive.org/web/20160506161651/http://www.economist.com:80/blogs/economist-explains/2014/01/economist-explains-11
7	http://web.archive.org/web/20161021154522/http://billmoyers.com/2014/03/07/all-of-the-arguments-against-raising-the-minimum-wage-have-fallen-apart/
8	http://web.archive.org/web/20160510162524/http://www.salon.com:80/2016/04/26/one_of_the_most_popular_arguments_against_raising_the_minimum_wage_is_getting_demolished/
9	http://web.archive.org/web/20160505110554/http://minimum-wage.procon.org:80/
10	http://web.archive.org/web/20161026001842/https://en.wikipedia.org/wiki/Minimum_wage
11	http://web.archive.org/web/20160504181948/http://bizbeatblog.dallasnews.com:80/2016/04/ca-and-ny-minimum-wages-may-bolster-texas-argument-economist-says.html/
12	http://web.archive.org/web/20160415184740/http://occupytheory.org:80/list-of-pros-and-cons-of-a-minimum-wage-increase/
13	http://web.archive.org/web/20160822215624/http://justcapital.com/just-matters-blog/2016/4/20/3-reasons-for-against-minimum-wage
14	http://web.archive.org/web/20161012040747/http://wheniwork.com/blog/the-pros-and-cons-of-raising-the-minimum-wage/
15	http://web.archive.org/web/20161021140212/http://www.theatlantic.com/business/archive/2013/12/should-we-raise-the-minimum-wage-11-questions-and-answers/282326/
16	http://web.archive.org/web/20160113050249/http://www.upworthy.com:80/5-arguments-people-use-against-raising-the-minimum-wage-and-one-moms-beautiful-reasons-for-it
17	http://web.archive.org/web/20160308024602/http://www.truth-out.org:80/news/item/33714-the-right-s-anti-minimum-wage-arguments-have-pretty-much-stayed-the-same-for-80-years
18	http://web.archive.org/web/20160427182654/http://www.debate.org:80/minimum-wage/
19	http://web.archive.org/web/20161108122258/http://www.slate.com/articles/news_and_politics/politics/2015/04/the_fight_for_15_it_s_a_bad_idea_raising_the_minimum_wage_to_15_would_hurt.html
20	http://web.archive.org/web/20161015093111/http://2016election.procon.org/view.answers.election.php?questionID=002051
21	http://web.archive.org/web/20160505184453/http://www.newsmax.com:80/Ira-Stoll/Reasons-Minimum-Wage-Hike/2014/03/03/id/555765/
22	http://web.archive.org/web/20160510172857/http://www.attn.com:80/stories/1349/6-biggest-myths-about-raising-minimum-wage
23	http://web.archive.org/web/20160408195930/https://smartasset.com/insights/the-pros-and-cons-of-raising-the-minimum-wage
24	http://web.archive.org/web/20161107101424/http://www.business.com/entrepreneurship/the-potential-impact-of-a-15-dollar-minimum-wage/
25	http://web.archive.org/web/20160831152721/http://www.mprnews.org/story/2016/08/30/minneapolis-minimum-wage-arguments-minn-supreme-court
26	http://web.archive.org/web/20161024004935/http://tucson.com/business/tucson/chamber-launches-campaign-against-minimum-wage-proposition/article_8ed427bb-c654-5570-bc13-6822926ddc9c.html
27	http://web.archive.org/web/20160427020126/http://www.bloombergview.com:80/articles/2015-08-06/national-15-minimum-wage-is-trouble
28	http://web.archive.org/web/20151025101646/http://www.usnews.com/news/articles/2013/02/15/americas-complicated-minimum-wage-argument
29	http://web.archive.org/web/20160911105133/http://inthesetimes.com/working/entry/18518/conservative_anti_minimum_wage_arguments_then_now
30	http://web.archive.org/web/20160430055311/http://www.fool.com:80/investing/general/2015/03/01/3-pros-and-cons-of-raising-the-federal-minimum-wag.aspx
31	http://web.archive.org/web/20160414090023/http://articles.chicagotribune.com:80/2014-03-03/business/ct-biz-0303-work-advice-huppke-20140303_1_minimum-wage-arindrajit-dube-future-increases
32	http://web.archive.org/web/20161111223058/http://www.nytimes.com/2013/03/03/business/the-minimum-wage-employment-and-income-distribution.html
33	http://web.archive.org/web/20160423020029/http://thelawdictionary.org:80/article/the-pros-cons-of-raising-minimum-wage/
34	http://web.archive.org/web/20160418233321/http://nlcatp.org:80/9-critical-pros-and-cons-of-the-minimum-wage/
35	http://web.archive.org/web/20160818191906/http://www.kiro7.com/news/local/supporter-of-minimum-wage-initiative-also-echoes-opponents-arguments/424456973
36	http://web.archive.org/web/20160504063337/http://www.investopedia.com:80/articles/07/minimum_wage.asp
37	http://web.archive.org/web/20151020090901/https://www.criminalwatchdog.com/resources/leadership-and-management/should-we-raise-minimum-wage/
38	http://web.archive.org/web/20160502173342/http://gokicker.com:80/2015/04/15/why-fight-for-15-the-big-pros-and-cons-for-raising-the-minimum-wage/
39	http://web.archive.org/web/20160412083319/http://articles.chicagotribune.com:80/2014-03-10/business/ct-biz-0310-work-advice-huppke-20140310_1_minimum-wage-william-wascher-david-neumark
40	http://web.archive.org/web/20150622055943/http://www.aei.org/publication/why-we-shouldnt-raise-the-minimum-wage/
41	http://web.archive.org/web/20160909185008/https://americansforprosperity.org/minimum-wage-more-harm-than-good/
42	http://web.archive.org/web/20160512060434/http://www.huffingtonpost.com:80/bill-quigley/top-ten-arguments-for-rai_b_6879220.html
43	http://web.archive.org/web/20160322084015/http://www.cnbc.com/2016/01/27/franchisees-fight-back-against-15-wages.html
44	http://web.archive.org/web/20160405172900/http://articles.chicagotribune.com:80/2014-03-17/business/ct-biz-0317-work-advice-huppke-20140317_1_minimum-wage-income-inequality-increase
45	http://web.archive.org/web/20160912121750/http://abcnews.go.com/Business/economists-weigh-pros-cons-15-minimum-wage/story?id=38029809
46	http://web.archive.org/web/20151108155222/http://smallbusiness.chron.com:80/minimum-wage-pros-cons-2765.html
47	http://web.archive.org/web/20160429010550/http://www.cc.com:80/video-clips/ddm404/the-daily-show-with-jon-stewart-wage-against-the-machine
48	http://web.archive.org/web/20160217041546/http://www.aei.org:80/publication/ten-reasons-economists-object-to-the-minimum-wage/
49	http://web.archive.org/web/20160412111142/http://www.procon.org:80/headline.php?headlineID=005303
