0	http://web.archive.org/web/20160512215933/http://www.theatlantic.com:80/magazine/archive/2012/12/the-case-for-more-guns-and-more-gun-control/309161/
1	http://web.archive.org/web/20161107160654/http://concealedguns.procon.org/
2	http://web.archive.org/web/20160506123220/http://navajocodetalkers.org:80/9-principal-pros-and-cons-of-gun-control/
3	http://web.archive.org/web/20160427123147/https://theprogressivecynic.com/debunking-right-wing-talking-points/refuting-gun-enthusiasts-anti-gun-control-arguments/
4	http://web.archive.org/web/20160616054535/https://listverse.com/2013/12/12/10-arguments-against-gun-control/
5	http://web.archive.org/web/20161015162943/http://2016election.procon.org/view.answers.election.php?questionID=002023
6	http://web.archive.org/web/20161109003720/http://www.latimes.com/opinion/op-ed/la-oe-defilippis-hughes-gun-myths-debunked-20160708-snap-story.html
7	http://web.archive.org/web/20161028113301/https://www.amazon.com/War-Guns-Yourself-Against-Control/dp/1621575802
8	http://web.archive.org/web/20160502192753/http://prosandconsofguncontrol.net:80/
9	http://web.archive.org/web/20161015014836/http://www.1mmagc.org/
10	http://web.archive.org/web/20161107162400/http://gun-control.procon.org/
11	http://web.archive.org/web/20160313000038/http://www.salon.com:80/2015/11/20/12_bullet_proof_responses_to_irrational_pro_gun_arguments/
12	http://web.archive.org/web/20161021062241/http://prospect.org/article/ten-arguments-gun-advocates-make-and-why-theyre-wrong
13	http://web.archive.org/web/20160924000811/https://www.theguardian.com/us-news/2016/jul/04/gays-against-guns-stricter-gun-control-congress-bill-new-york
14	http://web.archive.org/web/20161010200322/http://www.enkivillage.com/the-best-arguments-for-gun-control.html
15	http://web.archive.org/web/20160508032850/http://reason.com:80/archives/2013/07/18/why-second-amendment-supporters-are-righ
16	http://web.archive.org/web/20160421021353/http://www.newyorker.com:80/news/daily-comment/six-snowballs-thrown-in-the-gun-control-debate-gopnik?
17	http://web.archive.org/web/20160930051227/http://listverse.com/2013/04/21/10-arguments-for-gun-control/
18	http://web.archive.org/web/20160622140159/http://thefederalist.com/2016/06/21/4-major-problems-with-gun-control-arguments/
19	http://web.archive.org/web/20160331104550/http://www.thefinancialword.com:80/10-arguments-for-and-against-gun-control/
20	http://web.archive.org/web/20160302161147/http://www.nytimes.com:80/2016/02/28/opinion/sunday/republican-candidates-deeply-entrenched-against-gun-controls.html
21	http://web.archive.org/web/20160928020527/http://www.studentofthegun.com/blog/2015/10/smashing-the-gun-control-argument-in-3-easy-steps/
22	http://web.archive.org/web/20160508100635/http://gun-control.procon.org:80/view.resource.php?resourceID=006436
23	http://web.archive.org/web/20161006200011/http://www.nytimes.com/interactive/2015/10/07/us/gun-control-explained.html
24	http://web.archive.org/web/20160501095126/http://www.clearpictureonline.com:80/SO-Gun%20Control.html
25	http://web.archive.org/web/20161027021018/http://time.com/4100408/a-criminologists-case-against-gun-control/
26	http://web.archive.org/web/20160507214221/http://www.newsmax.com:80/FastFeatures/gun-control-pros-and-cons/2014/09/28/id/597212/
27	http://web.archive.org/web/20160429233639/http://www.debate.org:80/opinions/what-are-the-pros-yes-and-cons-no-of-gun-control
28	http://web.archive.org/web/20161012055258/http://thefederalist.com/2016/01/06/the-real-reason-americans-oppose-gun-control/
29	http://web.archive.org/web/20160414110850/http://www.prnewswire.com:80/news-releases/pros-and-cons-of-gun-control-debated-by-prominent-experts-in-new-proconorg-website-300114611.html
30	http://web.archive.org/web/20160510040654/http://www.rollingstone.com:80/politics/news/4-pro-gun-arguments-were-sick-of-hearing-20151001?
31	http://web.archive.org/web/20160512074738/http://aattp.org:80/how-to-win-an-argument-with-a-gun-nut-every-time/
32	http://web.archive.org/web/20160731181028/http://www.thedailybeast.com/articles/2016/07/30/the-3-worst-arguments-against-gun-control.html
33	http://web.archive.org/web/20160415070957/http://thecrux.com:80/ten-powerful-arguments-against-gun-control/
34	http://web.archive.org/web/20160414112840/http://bigthink.com:80/praxis/obamas-speech-on-gun-control-was-a-master-class-in-how-to-be-reasonable
35	http://web.archive.org/web/20160113172206/http://www.nbcnews.com:80/video/nightly-news/50403374
36	http://web.archive.org/web/20160507144707/http://www.safewise.com:80/resources/guns-at-home
37	http://web.archive.org/web/20160215192018/http://www.huffingtonpost.com:80/jacob-schuman/the-equality-argument-for_b_8464058.html?
38	http://web.archive.org/web/20160912131326/http://www.huffingtonpost.com/tanushree-ghosh/a-list-of-the-reasons-cit_b_8236494.html
39	http://web.archive.org/web/20160824090039/http://www.procon.org/view.background-resource.php?resourceID=001577
40	http://web.archive.org/web/20161018165612/http://balancedpolitics.org/gun_control.htm
41	http://web.archive.org/web/20161005190327/http://ijr.com/opinion/2015/07/245635-gun-rights-advocates-have-a-devastating-new-argument-against-gun-control-here-it-is/
42	http://web.archive.org/web/20140527161813/http://aclu.procon.org/view.answers.php?questionID=000750
43	http://web.archive.org/web/20160408084322/http://dailycaller.com:80/2014/02/12/the-best-gun-control-argument-you-will-ever-hear/
44	http://web.archive.org/web/20160423171059/http://www.cato.org:80/publications/policy-analysis/trust-people-case-against-gun-control
45	http://web.archive.org/web/20160615140558/http://www.pbs.org/newshour/rundown/trump-argues-gun-control-background-checks-policy-paper/
46	http://web.archive.org/web/20160824135241/http://www.pbs.org/wgbh/pages/frontline/shows/guns/procon/
47	http://web.archive.org/web/20160820181724/http://www.latinpost.com/articles/13747/20140529/pros-cons-gun-control-california-lawmakers-introduce-legislation.htm
48	http://web.archive.org/web/20151218052428/http://takingnote.blogs.nytimes.com/2015/12/11/justice-scalias-gun-control-argument/
49	http://web.archive.org/web/20160508092911/http://www.procon.org:80/
